"Week start date","Ontario","Algoma Public Health Unit","Brant County Health Unit","Chatham-Kent Health Unit","Durham Region Health Department","Eastern Ontario Health Unit","Grey Bruce Health Unit","Haldimand-Norfolk Health Unit","Haliburton, Kawartha, Pine Ridge District Health Unit","Halton Region Health Department","Hamilton Public Health Services","Hastings and Prince Edward Counties Health Unit","Huron Perth Health Unit","Kingston, Frontenac and Lennox and Addington Health Unit","Lambton Public Health","Leeds, Grenville and Lanark District Health Unit","Middlesex-London Health Unit","Niagara Region Public Health Department","North Bay Parry Sound District Health Unit","Northwestern Health Unit","Ottawa Public Health","Peel Public Health","Peterborough Public Health","Porcupine Health Unit","Region of Waterloo, Public Health","Renfrew County and District Health Unit","Simcoe Muskoka District Health Unit","Southwestern Public Health","Sudbury and District Health Unit","Thunder Bay District Health Unit","Timiskaming Health Unit","Toronto Public Health","Wellington-Dufferin-Guelph Health Unit","Windsor-Essex County Health Unit","York Region Public Health"
"2019-12-29"," 0.00"," 0.00"," 0.00"," 0.00"," 0.00"," 0.00"," 0.00"," 0.00"," 0.00"," 0.00"," 0.00"," 0.00"," 0.00"," 0.00"," 0.00"," 0.00"," 0.00"," 0.00"," 0.00"," 0.00"," 0.00"," 0.00"," 0.00"," 0.00"," 0.00"," 0.00"," 0.00"," 0.00"," 0.00"," 0.00"," 0.00"," 0.00"," 0.00"," 0.00"," 0.00"
"2020-01-05"," 0.00"," 0.00"," 0.00"," 0.00"," 0.00"," 0.00"," 0.00"," 0.00"," 0.00"," 0.00"," 0.00"," 0.00"," 0.00"," 0.00"," 0.00"," 0.00"," 0.00"," 0.00"," 0.00"," 0.00"," 0.00"," 0.00"," 0.00"," 0.00"," 0.00"," 0.00"," 0.00"," 0.00"," 0.00"," 0.00"," 0.00"," 0.00"," 0.00"," 0.00"," 0.00"
"2020-01-12"," 0.00"," 0.00"," 0.00"," 0.00"," 0.00"," 0.00"," 0.00"," 0.00"," 0.00"," 0.00"," 0.00"," 0.00"," 0.00"," 0.00"," 0.00"," 0.00"," 0.00"," 0.00"," 0.00"," 0.00"," 0.00"," 0.00"," 0.00"," 0.00"," 0.00"," 0.00"," 0.00"," 0.00"," 0.00"," 0.00"," 0.00"," 0.00"," 0.00"," 0.00"," 0.00"
"2020-01-19"," 0.00"," 0.00"," 0.00"," 0.00"," 0.00"," 0.00"," 0.00"," 0.00"," 0.00"," 0.00"," 0.00"," 0.00"," 0.00"," 0.00"," 0.00"," 0.00"," 0.00"," 0.00"," 0.00"," 0.00"," 0.00"," 0.00"," 0.00"," 0.00"," 0.00"," 0.00"," 0.00"," 0.00"," 0.00"," 0.00"," 0.00"," 0.00"," 0.00"," 0.00"," 0.00"
"2020-01-26"," 0.00"," 0.00"," 0.00"," 0.00"," 0.00"," 0.00"," 0.00"," 0.00"," 0.00"," 0.00"," 0.00"," 0.00"," 0.00"," 0.00"," 0.00"," 0.00"," 0.00"," 0.00"," 0.00"," 0.00"," 0.00"," 0.00"," 0.00"," 0.00"," 0.00"," 0.00"," 0.00"," 0.00"," 0.00"," 0.00"," 0.00"," 0.00"," 0.00"," 0.00"," 0.00"
"2020-02-02"," 0.00"," 0.00"," 0.00"," 0.00"," 0.00"," 0.00"," 0.00"," 0.00"," 0.00"," 0.00"," 0.00"," 0.00"," 0.00"," 0.00"," 0.00"," 0.00"," 0.00"," 0.00"," 0.00"," 0.00"," 0.00"," 0.00"," 0.00"," 0.00"," 0.00"," 0.00"," 0.00"," 0.00"," 0.00"," 0.00"," 0.00"," 0.00"," 0.00"," 0.00"," 0.00"
"2020-02-09"," 0.00"," 0.00"," 0.00"," 0.00"," 0.00"," 0.00"," 0.00"," 0.00"," 0.00"," 0.00"," 0.00"," 0.00"," 0.00"," 0.00"," 0.00"," 0.00"," 0.00"," 0.00"," 0.00"," 0.00"," 0.00"," 0.00"," 0.00"," 0.00"," 0.00"," 0.00"," 0.00"," 0.00"," 0.00"," 0.00"," 0.00"," 0.00"," 0.00"," 0.00"," 0.00"
"2020-02-16"," 0.00"," 0.00"," 0.00"," 0.00"," 0.00"," 0.00"," 0.00"," 0.00"," 0.00"," 0.00"," 0.00"," 0.00"," 0.00"," 0.00"," 0.00"," 0.00"," 0.00"," 0.00"," 0.00"," 0.00"," 0.00"," 0.00"," 0.00"," 0.00"," 0.00"," 0.00"," 0.00"," 0.00"," 0.00"," 0.00"," 0.00"," 0.00"," 0.00"," 0.00"," 0.00"
"2020-02-23"," 0.00"," 0.00"," 0.00"," 0.00"," 0.00"," 0.00"," 0.00"," 0.00"," 0.00"," 0.00"," 0.00"," 0.00"," 0.00"," 0.00"," 0.00"," 0.00"," 0.00"," 0.00"," 0.00"," 0.00"," 0.00"," 0.00"," 0.00"," 0.00"," 0.00"," 0.00"," 0.00"," 0.00"," 0.00"," 0.00"," 0.00"," 0.00"," 0.00"," 0.00"," 0.00"
"2020-03-01"," 0.00"," 0.00"," 0.00"," 0.00"," 0.00"," 0.00"," 0.00"," 0.00"," 0.00"," 0.00"," 0.00"," 0.00"," 0.00"," 0.00"," 0.00"," 0.00"," 0.00"," 0.00"," 0.00"," 0.00"," 0.00"," 0.00"," 0.00"," 0.00"," 0.00"," 0.00"," 0.00"," 0.00"," 0.00"," 0.00"," 0.00"," 0.00"," 0.00"," 0.00"," 0.00"
"2020-03-08"," 0.00"," 0.00"," 0.00"," 0.00"," 0.00"," 0.00"," 0.00"," 0.00"," 0.00"," 0.00"," 0.00"," 0.00"," 0.00"," 0.00"," 0.00"," 0.00"," 0.00"," 0.00"," 0.00"," 0.00"," 0.00"," 0.00"," 0.00"," 0.00"," 0.00"," 0.00"," 0.00"," 0.00"," 0.00"," 0.00"," 0.00"," 0.00"," 0.00"," 0.00"," 0.00"
"2020-03-15"," 0.00"," 0.00"," 0.00"," 0.00"," 0.00"," 0.00"," 0.00"," 0.00"," 0.00"," 0.00"," 0.00"," 0.00"," 0.00"," 0.00"," 0.00"," 0.00"," 0.00"," 0.00"," 0.00"," 0.00"," 0.00"," 0.00"," 0.00"," 0.00"," 0.00"," 0.00"," 0.00"," 0.00"," 0.00"," 0.00"," 0.00"," 0.00"," 0.00"," 0.00"," 0.00"
"2020-03-22"," 0.00"," 0.00"," 0.00"," 0.00"," 0.00"," 0.00"," 0.00"," 0.00"," 0.00"," 0.00"," 0.00"," 0.00"," 0.00"," 0.00"," 0.00"," 0.00"," 0.00"," 0.00"," 0.00"," 0.00"," 0.00"," 0.00"," 0.00"," 0.00"," 0.00"," 0.00"," 0.00"," 0.00"," 0.00"," 0.00"," 0.00"," 0.00"," 0.00"," 0.00"," 0.00"
"2020-03-29","11.10"," 2.78","10.00"," 2.56"," 9.35"," 4.60"," 6.40"," 9.60","10.26"," 9.07"," 7.25"," 3.20"," 3.65"," 4.69","19.33","21.90"," 7.77"," 8.22"," 0.00"," 3.33"," 7.80","16.88"," 3.91","10.53","21.54"," 4.17"," 4.83"," 4.09"," 2.33"," 9.00"," 8.11","16.49","10.87","20.83","15.25"
"2020-04-05","11.32"," 0.67"," 8.66"," 6.98","16.63"," 3.30"," 6.60"," 7.87"," 2.97","12.92"," 6.55"," 1.08"," 4.57"," 0.79","14.03","15.26"," 6.97"," 8.38"," 3.07"," 1.00","11.03","17.15"," 2.57"," 2.88","17.22"," 2.03"," 5.33"," 3.77"," 1.60"," 6.23"," 4.42","18.00"," 8.86","17.05","14.65"
"2020-04-12"," 8.54"," 0.43"," 5.13"," 2.59","13.91"," 2.86"," 6.67"," 9.22"," 3.17"," 3.94"," 4.93"," 3.18"," 4.66"," 1.37"," 8.03","10.64"," 4.37"," 4.64"," 1.85"," 1.67"," 9.58","13.56"," 1.93"," 4.91","12.11"," 0.83"," 3.65"," 1.62"," 0.71"," 2.06"," 1.65","12.41"," 4.33"," 9.41","11.13"
"2020-04-19"," 5.68"," 0.30"," 3.55"," 7.24"," 8.78"," 2.75"," 2.43"," 4.80"," 4.81"," 3.73"," 3.09"," 1.94"," 2.35"," 1.14"," 5.18"," 7.91"," 3.10"," 4.63"," 0.00"," 0.19"," 6.12"," 8.67"," 2.61"," 2.06"," 8.18"," 1.32"," 1.81"," 1.25"," 0.73"," 0.70"," 0.53"," 8.89"," 6.56"," 5.08"," 8.56"
"2020-04-26"," 4.61"," 0.43"," 2.18"," 2.48"," 7.47"," 0.84"," 1.09"," 2.33"," 0.70"," 3.22"," 2.17"," 0.46"," 1.06"," 0.41"," 3.83"," 9.25"," 2.16"," 3.46"," 0.12"," 0.23"," 5.26"," 7.32"," 0.38"," 1.33"," 5.39"," 0.74"," 4.16"," 0.56"," 0.31"," 0.34"," 0.48"," 9.51"," 2.57"," 4.50"," 5.39"
"2020-05-03"," 3.63"," 0.38"," 3.03"," 1.05"," 4.56"," 1.48"," 0.59"," 1.19"," 1.22"," 2.38"," 1.25"," 1.65"," 0.29"," 0.46"," 3.60"," 1.98"," 1.95"," 1.18"," 0.11"," 0.00"," 2.83"," 8.26"," 0.48"," 0.65"," 3.23"," 0.08"," 1.41"," 0.71"," 0.33"," 0.16"," 0.46"," 8.54"," 1.64"," 2.76"," 5.42"
"2020-05-10"," 4.55"," 0.77"," 1.00"," 1.32"," 5.89"," 1.32"," 0.83"," 1.08"," 1.79"," 3.57"," 4.37"," 0.89"," 0.42"," 0.22"," 3.88"," 1.63"," 1.20"," 1.75"," 0.94"," 0.88"," 3.13"," 9.56"," 0.78"," 0.70"," 3.23"," 0.44"," 1.32"," 1.15"," 0.31"," 0.12"," 0.00"," 8.97"," 1.88"," 6.17"," 6.71"
"2020-05-17"," 5.57"," 0.74"," 2.24"," 4.25"," 5.11"," 0.84"," 1.28"," 0.87"," 2.00"," 3.51"," 3.12"," 1.95"," 0.59"," 0.30"," 4.33"," 1.92"," 2.45"," 3.05"," 0.20"," 0.27"," 3.63","10.01"," 1.87"," 1.15"," 3.93"," 0.48"," 2.83"," 1.35"," 0.10"," 0.31"," 0.00"," 9.22"," 3.28"," 9.53"," 7.49"
"2020-05-24"," 3.08"," 0.00"," 0.38"," 1.03"," 2.85"," 0.98"," 0.23"," 6.64"," 0.88"," 2.15"," 2.23"," 0.42"," 0.62"," 0.26"," 1.82"," 0.84"," 0.88"," 1.60"," 0.31"," 0.15"," 1.47"," 6.99"," 0.38"," 0.18"," 1.19"," 0.30"," 1.05"," 0.98"," 0.31"," 0.16"," 0.00"," 6.10"," 1.28"," 2.09"," 3.82"
"2020-05-31"," 2.26"," 0.00"," 0.96"," 0.96"," 2.56"," 0.36"," 0.11"," 1.71"," 0.73"," 1.47"," 2.15"," 0.31"," 0.31"," 0.07"," 0.95"," 0.76"," 0.79"," 0.63"," 0.18"," 0.49"," 1.17"," 4.47"," 0.18"," 0.16"," 1.63"," 0.04"," 0.67"," 0.29"," 0.09"," 0.10"," 0.00"," 4.35"," 0.99"," 3.04"," 2.95"
"2020-06-07"," 1.31"," 0.10"," 0.64"," 0.27"," 1.71"," 0.40"," 0.21"," 1.09"," 0.59"," 0.90"," 0.98"," 0.13"," 0.13"," 0.05"," 0.50"," 0.25"," 0.62"," 0.34"," 0.00"," 0.09"," 0.69"," 2.20"," 0.18"," 0.00"," 1.10"," 0.07"," 0.61"," 0.34"," 0.04"," 0.12"," 0.00"," 2.80"," 0.73"," 2.39"," 1.95"
"2020-06-14"," 1.09"," 0.07"," 0.13"," 0.52"," 0.72"," 0.37"," 0.40"," 0.38"," 0.20"," 0.52"," 0.77"," 0.17"," 0.14"," 0.00"," 0.65"," 0.05"," 0.48"," 0.47"," 0.20"," 0.55"," 0.45"," 2.64"," 0.07"," 0.00"," 0.79"," 0.06"," 0.85"," 0.04"," 0.18"," 0.27"," 0.00"," 2.16"," 0.93"," 3.17"," 1.09"
"2020-06-21"," 0.85"," 0.00"," 0.33"," 0.57"," 0.52"," 0.03"," 0.29"," 0.25"," 0.29"," 0.77"," 0.69"," 0.12"," 0.05"," 0.47"," 0.00"," 0.04"," 0.40"," 0.27"," 0.04"," 0.05"," 0.31"," 1.93"," 0.00"," 0.07"," 0.74"," 0.00"," 0.26"," 0.12"," 0.06"," 0.09"," 0.00"," 1.63"," 0.54"," 2.93"," 1.07"
"2020-06-28"," 0.75"," 0.00"," 0.25"," 0.68"," 0.43"," 0.08"," 0.06"," 0.11"," 0.33"," 0.65"," 0.46"," 0.04"," 0.17"," 0.41"," 0.15"," 0.09"," 0.35"," 0.45"," 0.49"," 0.21"," 0.35"," 1.77"," 0.10"," 0.00"," 0.48"," 0.11"," 0.33"," 0.05"," 0.00"," 0.20"," 0.00"," 1.37"," 0.40"," 1.44"," 1.09"
"2020-07-05"," 0.67"," 0.06"," 0.51"," 0.53"," 0.54"," 0.07"," 0.11"," 0.20"," 0.07"," 0.45"," 0.30"," 0.05"," 0.00"," 0.09"," 0.08"," 0.08"," 0.18"," 0.28"," 0.22"," 0.00"," 0.49"," 1.76"," 0.00"," 0.00"," 0.44"," 0.00"," 0.22"," 0.10"," 0.00"," 0.19"," 0.23"," 1.02"," 0.42"," 2.40"," 0.93"
"2020-07-12"," 0.69"," 0.07"," 0.20"," 0.94"," 0.58"," 0.17"," 0.00"," 0.17"," 0.29"," 0.38"," 0.47"," 0.18"," 0.18"," 0.04"," 0.46"," 0.16"," 0.16"," 0.66"," 0.00"," 0.00"," 0.96"," 1.36"," 0.05"," 0.15"," 0.35"," 0.07"," 0.45"," 0.37"," 0.03"," 0.04"," 0.00"," 0.88"," 0.45"," 4.11"," 0.66"
"2020-07-19"," 0.68"," 0.00"," 0.46"," 1.62"," 0.22"," 0.18"," 0.35"," 0.86"," 0.11"," 0.44"," 0.23"," 0.05"," 0.13"," 0.09"," 0.55"," 0.10"," 0.26"," 0.83"," 0.00"," 0.17"," 1.17"," 1.09"," 0.00"," 0.17"," 0.31"," 0.15"," 0.26"," 0.97"," 0.29"," 0.17"," 0.00"," 0.61"," 0.46"," 4.45"," 0.54"
"2020-07-26"," 0.53"," 0.00"," 0.39"," 3.15"," 0.35"," 0.12"," 0.22"," 0.55"," 0.19"," 0.12"," 0.34"," 0.04"," 0.51"," 0.04"," 1.12"," 0.00"," 0.20"," 0.55"," 0.00"," 0.00"," 0.85"," 1.00"," 0.00"," 0.15"," 0.23"," 0.00"," 0.18"," 1.87"," 0.32"," 0.13"," 0.00"," 0.40"," 0.15"," 2.03"," 0.60"
"2020-08-02"," 0.48"," 0.00"," 0.56"," 1.88"," 0.30"," 0.00"," 0.21"," 0.38"," 0.16"," 0.33"," 0.40"," 0.00"," 0.38"," 0.05"," 0.64"," 0.06"," 0.15"," 0.53"," 0.07"," 0.00"," 0.59"," 0.84"," 0.00"," 0.00"," 0.18"," 0.09"," 0.28"," 1.64"," 0.11"," 0.10"," 0.00"," 0.51"," 0.49"," 1.34"," 0.52"
"2020-08-09"," 0.45"," 0.00"," 0.12"," 1.66"," 0.33"," 0.03"," 0.29"," 0.62"," 0.18"," 0.33"," 0.51"," 0.04"," 1.02"," 0.13"," 0.29"," 0.00"," 0.40"," 0.31"," 0.00"," 0.00"," 0.56"," 0.93"," 0.05"," 0.15"," 0.27"," 0.00"," 0.21"," 0.68"," 0.05"," 0.08"," 0.00"," 0.44"," 0.36"," 1.54"," 0.44"
"2020-08-16"," 0.49"," 0.00"," 0.63"," 0.90"," 0.37"," 0.23"," 0.00"," 0.36"," 0.11"," 0.24"," 0.54"," 0.06"," 0.47"," 0.00"," 0.22"," 0.29"," 0.26"," 0.18"," 0.00"," 0.08"," 0.97"," 1.27"," 0.05"," 0.07"," 0.31"," 0.07"," 0.31"," 0.65"," 0.00"," 0.10"," 0.00"," 0.52"," 0.24"," 0.79"," 0.49"
"2020-08-23"," 0.53"," 0.06"," 0.23"," 0.13"," 0.51"," 0.27"," 0.06"," 0.41"," 0.18"," 0.45"," 0.35"," 0.18"," 0.25"," 0.04"," 0.05"," 0.24"," 0.17"," 0.26"," 0.00"," 0.00"," 0.83"," 1.28"," 0.15"," 0.00"," 0.39"," 0.20"," 0.30"," 0.34"," 0.00"," 0.08"," 0.17"," 0.70"," 0.25"," 1.17"," 0.70"
"2020-08-30"," 0.68"," 0.06"," 0.37"," 0.09"," 0.56"," 0.16"," 0.07"," 0.57"," 0.12"," 0.40"," 0.57"," 0.16"," 0.06"," 0.00"," 0.08"," 0.05"," 0.20"," 0.31"," 0.06"," 0.00"," 0.92"," 2.12"," 0.10"," 0.00"," 0.44"," 0.16"," 0.30"," 0.47"," 0.10"," 0.00"," 0.00"," 0.85"," 0.28"," 0.73"," 0.92"
"2020-09-06"," 0.87"," 0.00"," 0.17"," 0.17"," 1.06"," 0.51"," 0.10"," 0.34"," 0.35"," 0.74"," 0.41"," 0.04"," 0.31"," 0.12"," 0.10"," 0.04"," 0.29"," 0.43"," 0.05"," 0.00"," 1.60"," 2.02"," 0.17"," 0.16"," 0.89"," 0.36"," 0.18"," 0.34"," 0.14"," 0.04"," 0.00"," 1.22"," 0.65"," 0.97"," 0.99"
"2020-09-13"," 1.14"," 0.09"," 0.32"," 0.07"," 1.02"," 0.43"," 0.12"," 0.23"," 0.06"," 1.36"," 0.80"," 0.05"," 0.00"," 0.05"," 0.17"," 0.26"," 0.26"," 0.47"," 0.04"," 0.18"," 1.66"," 2.96"," 0.10"," 0.33"," 1.01"," 0.26"," 0.57"," 0.33"," 0.11"," 0.04"," 0.00"," 1.83"," 0.53"," 0.73"," 1.31"
"2020-09-20"," 1.32"," 0.04"," 0.51"," 0.34"," 1.12"," 0.51"," 0.16"," 0.08"," 0.16"," 1.06"," 0.86"," 0.09"," 0.14"," 0.24"," 0.06"," 0.40"," 0.34"," 0.81"," 0.03"," 0.17"," 1.74"," 3.08"," 0.46"," 0.14"," 0.92"," 0.10"," 0.40"," 0.26"," 0.05"," 0.05"," 0.20"," 2.69"," 0.56"," 0.60"," 1.84"
"2020-09-27"," 1.60"," 0.09"," 0.31"," 0.32"," 1.15"," 0.65"," 0.31"," 0.38"," 0.11"," 1.39"," 1.00"," 0.25"," 0.46"," 0.35"," 0.04"," 0.36"," 0.38"," 1.07"," 0.03"," 0.60"," 2.45"," 3.54"," 0.16"," 0.09"," 1.03"," 0.47"," 0.80"," 0.32"," 0.08"," 0.03"," 0.21"," 2.89"," 0.45"," 0.65"," 2.27"
"2020-10-04"," 1.75"," 0.30"," 0.96"," 0.34"," 1.32"," 1.68"," 0.16"," 0.55"," 0.15"," 2.15"," 1.59"," 0.12"," 0.18"," 0.40"," 0.23"," 0.20"," 0.70"," 0.93"," 0.07"," 0.15"," 2.45"," 3.85"," 0.08"," 0.05"," 0.93"," 0.48"," 0.89"," 0.26"," 0.11"," 0.00"," 0.18"," 2.99"," 0.70"," 0.96"," 2.66"
"2020-10-11"," 2.41"," 0.08"," 1.76"," 0.25"," 1.88"," 1.73"," 0.57"," 0.77"," 0.13"," 2.39"," 1.71"," 0.25"," 0.31"," 0.16"," 0.74"," 0.59"," 0.47"," 0.98"," 0.48"," 0.00"," 2.71"," 5.47"," 0.28"," 0.58"," 0.96"," 0.45"," 1.06"," 0.57"," 0.06"," 0.04"," 0.39"," 4.16"," 0.93"," 0.81"," 4.09"
"2020-10-18"," 2.78"," 0.14"," 1.44"," 1.35"," 2.56"," 2.16"," 0.48"," 1.28"," 0.20"," 2.53"," 1.67"," 0.32"," 0.20"," 0.25"," 0.27"," 1.05"," 0.86"," 1.49"," 0.15"," 0.13"," 2.73"," 6.63"," 0.32"," 0.29"," 1.21"," 0.70"," 1.40"," 0.50"," 0.33"," 0.21"," 0.15"," 4.55"," 1.24"," 0.82"," 4.39"
"2020-10-25"," 3.01"," 0.13"," 2.65"," 0.83"," 2.48"," 1.86"," 0.43"," 0.84"," 0.20"," 2.80"," 2.53"," 0.30"," 0.51"," 0.09"," 0.18"," 0.36"," 0.85"," 2.12"," 0.11"," 0.07"," 3.03"," 7.28"," 0.09"," 0.29"," 1.81"," 1.37"," 1.78"," 0.58"," 0.03"," 0.17"," 0.20"," 4.74"," 1.22"," 1.45"," 4.31"
"2020-11-01"," 3.68"," 0.43"," 1.62"," 1.17"," 3.42"," 1.68"," 0.51"," 0.99"," 0.64"," 4.21"," 3.35"," 0.27"," 1.88"," 0.32"," 0.21"," 0.52"," 1.59"," 2.79"," 0.25"," 0.60"," 2.39"," 9.77"," 0.43"," 0.12"," 2.77"," 0.25"," 1.45"," 1.24"," 0.54"," 0.40"," 0.14"," 5.55"," 1.61"," 1.49"," 4.86"
"2020-11-08"," 4.22"," 0.31"," 1.86"," 1.02"," 3.83"," 1.24"," 1.38"," 1.99"," 0.23"," 4.28"," 2.84"," 0.61"," 1.34"," 0.62"," 0.81"," 0.52"," 1.35"," 2.57"," 0.35"," 0.48"," 2.16","11.22"," 0.85"," 0.14"," 3.52"," 0.53"," 2.05"," 2.35"," 0.44"," 0.94"," 0.17"," 6.04"," 2.86"," 2.86"," 5.82"
"2020-11-15"," 3.94"," 0.00"," 2.40"," 0.83"," 3.21"," 0.82"," 1.55"," 1.46"," 0.39"," 3.91"," 3.12"," 0.71"," 1.51"," 0.17"," 0.70"," 0.14"," 1.34"," 2.24"," 0.37"," 1.03"," 1.55"," 9.96"," 0.89"," 0.21"," 3.69"," 0.62"," 2.09"," 1.11"," 0.30"," 1.85"," 0.28"," 5.79"," 2.58"," 4.16"," 5.86"
"2020-11-22"," 4.00"," 0.04"," 2.31"," 0.94"," 3.82"," 1.45"," 1.12"," 2.12"," 0.84"," 3.57"," 3.49"," 0.57"," 1.77"," 0.56"," 0.53"," 0.53"," 1.87"," 1.67"," 0.20"," 0.48"," 1.55","10.27"," 0.99"," 0.07"," 3.87"," 0.27"," 1.72"," 1.46"," 0.25"," 2.11"," 0.00"," 5.86"," 2.69"," 4.50"," 5.72"
"2020-11-29"," 4.14"," 0.09"," 1.82"," 1.39"," 4.56"," 2.08"," 1.06"," 1.41"," 1.16"," 4.60"," 4.15"," 0.76"," 2.05"," 1.07"," 0.79"," 1.30"," 2.25"," 1.95"," 0.40"," 0.37"," 1.32"," 9.64"," 0.75"," 0.73"," 3.04"," 0.43"," 2.23"," 2.01"," 0.28"," 1.73"," 0.44"," 5.98"," 3.33"," 5.04"," 6.04"
"2020-12-06"," 4.03"," 0.15"," 2.71"," 0.71"," 3.93"," 2.07"," 0.93"," 2.14"," 1.22"," 4.01"," 4.40"," 1.09"," 1.74"," 1.11"," 1.24"," 1.72"," 2.52"," 2.85"," 0.30"," 0.29"," 1.48"," 8.51"," 0.30"," 0.18"," 3.50"," 2.47"," 2.03"," 2.38"," 0.25"," 1.40"," 1.12"," 5.53"," 3.05"," 7.37"," 5.63"
"2020-12-13"," 4.37"," 0.04"," 2.16"," 1.47"," 4.04"," 1.52"," 1.04"," 2.54"," 1.09"," 4.24"," 4.15"," 0.73"," 1.59"," 0.87"," 2.67"," 0.81"," 3.41"," 3.64"," 0.53"," 0.53"," 1.33"," 9.17"," 0.49"," 0.37"," 3.98"," 0.88"," 2.16"," 3.26"," 0.31"," 1.38"," 1.45"," 6.13"," 3.47"," 9.62"," 5.74"
"2020-12-20"," 5.11"," 0.24"," 2.42"," 3.04"," 4.10"," 2.46"," 0.97"," 2.47"," 1.22"," 5.07"," 4.86"," 0.56"," 2.57"," 0.68"," 3.84"," 0.62"," 3.64"," 4.71"," 0.68"," 1.12"," 2.18"," 9.91"," 1.57"," 0.58"," 4.13"," 0.46"," 2.57"," 4.21"," 0.37"," 1.75"," 2.04"," 7.27"," 3.95","11.50"," 7.66"
"2020-12-27"," 6.86"," 0.88"," 4.17"," 4.26"," 6.38"," 5.03"," 1.42"," 4.55"," 2.14"," 6.85"," 6.60"," 0.81"," 3.66"," 0.69"," 6.73"," 1.31"," 5.74"," 5.94"," 0.97"," 0.83"," 4.18","13.33"," 2.09"," 0.71"," 5.69"," 1.23"," 3.44"," 6.15"," 0.67"," 0.68"," 2.15"," 9.55"," 5.40","12.43","10.29"
"2021-01-03"," 6.88"," 1.07"," 3.66"," 3.27"," 6.72"," 5.04"," 1.86"," 3.45"," 1.94"," 6.25"," 5.74"," 0.64"," 3.26"," 0.90"," 6.63"," 1.10"," 5.73"," 7.82"," 0.87"," 1.93"," 4.54","13.65"," 1.45"," 1.32"," 7.73"," 1.32"," 3.65"," 5.77"," 1.04"," 1.37"," 0.84"," 9.61"," 5.52","11.50"," 9.55"
"2021-01-10"," 5.49"," 0.34"," 2.81"," 2.74"," 4.96"," 3.67"," 1.00"," 2.73"," 1.31"," 4.63"," 4.69"," 0.59"," 3.23"," 0.24"," 4.66"," 0.74"," 3.60"," 7.00"," 0.48"," 0.80"," 3.95","11.34"," 1.28"," 0.38"," 5.64"," 0.32"," 2.82"," 3.18"," 0.89"," 0.81"," 0.26"," 8.25"," 3.92"," 8.63"," 7.46"
"2021-01-17"," 4.70"," 0.27"," 2.33"," 2.42"," 4.01"," 2.38"," 0.68"," 2.40"," 1.79"," 4.33"," 4.00"," 0.24"," 3.61"," 0.48"," 2.39"," 0.39"," 2.36"," 5.37"," 0.37"," 1.06"," 3.05"," 9.55"," 1.27"," 2.02"," 4.40"," 0.27"," 3.03"," 2.73"," 1.05"," 2.36"," 0.99"," 7.53"," 4.09"," 5.66"," 6.92"
"2021-01-24"," 3.94"," 0.45"," 1.82"," 3.20"," 3.78"," 2.22"," 0.90"," 1.46"," 1.18"," 3.84"," 3.60"," 0.09"," 1.62"," 0.16"," 1.60"," 0.71"," 2.25"," 4.60"," 0.61"," 0.93"," 1.98"," 8.48"," 1.04"," 1.72"," 3.45"," 0.26"," 2.14"," 1.80"," 0.81"," 1.84"," 0.41"," 6.65"," 3.66"," 3.78"," 6.26"
"2021-01-31"," 3.04"," 0.52"," 2.04"," 2.17"," 2.41"," 1.53"," 0.32"," 1.48"," 1.18"," 3.07"," 3.28"," 0.13"," 1.15"," 0.21"," 1.15"," 0.31"," 1.72"," 2.59"," 0.25"," 0.80"," 1.85"," 6.52"," 0.68"," 0.89"," 2.64"," 0.22"," 2.05"," 1.73"," 0.35"," 1.14"," 0.36"," 5.14"," 1.98"," 2.58"," 4.69"
"2021-02-07"," 2.63"," 0.28"," 1.67"," 1.41"," 2.08"," 1.04"," 0.41"," 0.62"," 1.08"," 2.29"," 2.39"," 0.39"," 0.92"," 0.24"," 1.64"," 0.50"," 1.29"," 1.66"," 0.83"," 4.08"," 1.64"," 5.40"," 0.68"," 0.65"," 2.52"," 0.27"," 1.58"," 0.98"," 0.53"," 2.25"," 0.13"," 4.49"," 1.76"," 2.92"," 4.45"
"2021-02-14"," 2.60"," 0.14"," 1.83"," 1.02"," 2.09"," 1.06"," 0.27"," 1.26"," 0.76"," 2.42"," 2.38"," 0.26"," 0.60"," 0.28"," 1.38"," 0.43"," 0.87"," 1.37"," 0.59"," 4.00"," 2.29"," 5.07"," 0.88"," 0.86"," 2.66"," 0.62"," 1.88"," 0.61"," 0.31"," 2.82"," 0.00"," 4.43"," 1.36"," 2.30"," 4.45"
"2021-02-21"," 2.44"," 0.18"," 3.19"," 0.67"," 2.01"," 1.14"," 0.30"," 1.09"," 0.73"," 2.25"," 2.55"," 0.56"," 0.82"," 0.23"," 1.56"," 0.46"," 0.76"," 1.61"," 0.25"," 2.27"," 1.76"," 5.21"," 0.78"," 0.51"," 2.84"," 1.13"," 1.40"," 0.51"," 0.84"," 4.16"," 0.12"," 3.93"," 1.87"," 2.68"," 3.33"
"2021-02-28"," 2.56"," 0.10"," 1.88"," 1.39"," 2.17"," 1.52"," 0.34"," 1.69"," 0.75"," 2.31"," 2.65"," 0.21"," 0.95"," 0.42"," 2.73"," 1.45"," 0.89"," 1.66"," 0.24"," 2.44"," 1.93"," 4.69"," 0.67"," 0.17"," 2.32"," 1.23"," 1.52"," 0.58"," 1.71"," 5.67"," 0.69"," 4.10"," 1.76"," 2.43"," 3.35"
"2021-03-07"," 2.97"," 0.29"," 2.51"," 2.13"," 2.31"," 1.68"," 0.29"," 1.36"," 0.78"," 2.59"," 3.57"," 0.28"," 0.69"," 0.24"," 2.93"," 1.73"," 1.10"," 1.99"," 0.12"," 2.12"," 2.15"," 5.20"," 0.78"," 0.16"," 2.17"," 0.88"," 2.00"," 1.05"," 2.53"," 6.32"," 0.42"," 4.60"," 1.31"," 2.78"," 4.12"
"2021-03-14"," 3.85"," 0.57"," 2.07"," 3.61"," 4.17"," 2.44"," 1.25"," 2.00"," 0.95"," 3.00"," 4.63"," 0.28"," 0.62"," 0.73"," 3.30"," 3.26"," 1.65"," 2.91"," 0.59"," 2.34"," 2.87"," 7.64"," 1.05"," 0.31"," 2.14"," 0.69"," 2.22"," 1.44"," 2.46"," 5.67"," 1.20"," 5.65"," 1.87"," 3.48"," 4.79"
"2021-03-21"," 4.72"," 0.24"," 2.39"," 3.91"," 6.01"," 3.17"," 1.78"," 2.82"," 0.98"," 3.85"," 5.17"," 0.91"," 0.62"," 0.79"," 2.91"," 2.51"," 2.75"," 3.63"," 0.64"," 1.89"," 3.89"," 8.16"," 1.38"," 0.38"," 2.79"," 1.28"," 2.71"," 2.05"," 3.16"," 4.07"," 1.00"," 6.59"," 2.00"," 3.66"," 6.57"
"2021-03-28"," 5.82"," 0.62"," 4.30"," 2.82"," 5.85"," 3.25"," 2.24"," 2.79"," 2.30"," 5.28"," 5.20"," 2.44"," 0.86"," 0.68"," 2.11"," 2.36"," 3.93"," 5.98"," 1.00"," 2.03"," 5.26","11.34"," 2.18"," 0.59"," 3.56"," 0.73"," 3.39"," 2.44"," 2.95"," 3.29"," 1.03"," 7.89"," 4.49"," 5.75"," 7.83"
"2021-04-04"," 7.84"," 1.06"," 4.23"," 1.71"," 9.02"," 4.18"," 2.75"," 5.01"," 3.05"," 7.89"," 6.62"," 2.30"," 1.72"," 1.29"," 2.61"," 3.34"," 5.78"," 7.83"," 1.56"," 3.19"," 6.82","14.51"," 2.41"," 1.63"," 5.84"," 1.59"," 4.83"," 3.30"," 3.49"," 1.68"," 0.91","11.17"," 6.39"," 5.19","10.67"
"2021-04-11"," 8.76"," 1.16"," 6.10"," 2.34","10.44"," 4.87"," 4.22"," 5.94"," 3.80"," 8.54"," 8.76"," 2.12"," 1.73"," 1.25"," 1.73"," 2.46"," 6.28","10.14"," 1.74"," 3.03"," 7.19","16.51"," 3.43"," 4.33"," 6.39"," 1.90"," 5.07"," 3.75"," 2.87"," 1.56"," 1.85","11.50"," 6.76"," 6.71","11.28"
"2021-04-18"," 8.69"," 0.72"," 6.26"," 1.62"," 9.14"," 3.50"," 2.76"," 5.46"," 2.77"," 8.50"," 8.55"," 2.18"," 1.22"," 1.04"," 1.88"," 1.89"," 6.72"," 9.59"," 1.34"," 3.13"," 6.46","17.10"," 2.45"," 3.10"," 6.75"," 1.81"," 5.08"," 3.60"," 1.70"," 2.31"," 5.91","11.79"," 6.49"," 6.47","10.52"
"2021-04-25"," 7.99"," 0.86"," 5.66"," 2.60"," 9.50"," 2.78"," 2.46"," 4.22"," 2.16"," 8.53"," 8.55"," 1.64"," 1.15"," 1.32"," 1.93"," 1.84"," 6.61"," 7.89"," 0.67"," 4.16"," 5.50","15.03"," 2.12"," 3.23"," 6.18"," 2.07"," 5.22"," 3.22"," 1.69"," 1.36"," 3.95","10.81"," 5.82"," 5.38"," 9.19"
"2021-05-02"," 7.11"," 0.92"," 5.02"," 2.29"," 8.65"," 2.40"," 1.41"," 4.03"," 2.75"," 7.86"," 8.10"," 2.10"," 2.90"," 2.06"," 1.90"," 1.57"," 5.94"," 7.36"," 2.10"," 2.34"," 4.42","12.55"," 3.08"," 4.08"," 5.06"," 2.17"," 4.32"," 3.27"," 1.34"," 1.39"," 3.50"," 9.28"," 6.08"," 5.36"," 8.55"
"2021-05-09"," 6.38"," 0.70"," 5.79"," 2.39"," 7.67"," 3.05"," 1.72"," 3.52"," 2.85"," 6.83"," 7.94"," 1.28"," 2.96"," 1.40"," 1.96"," 1.05"," 4.46"," 6.35"," 1.73"," 1.62"," 4.68","11.19"," 4.58"," 6.50"," 5.69"," 1.52"," 3.70"," 2.97"," 1.51"," 1.28"," 0.63"," 8.57"," 4.91"," 5.38"," 7.13"
"2021-05-16"," 5.70"," 1.17"," 4.31"," 1.59"," 7.00"," 1.76"," 1.80"," 2.61"," 2.18"," 5.97"," 8.20"," 1.41"," 1.88"," 1.26"," 1.68"," 1.61"," 5.14"," 5.47"," 2.83"," 1.56"," 3.97","10.23"," 3.22","10.03"," 6.00"," 1.25"," 3.49"," 3.64"," 0.97"," 0.99"," 1.97"," 7.09"," 4.78"," 5.63"," 6.07"
"2021-05-23"," 4.08"," 0.40"," 3.80"," 1.28"," 5.14"," 1.19"," 0.50"," 2.46"," 1.42"," 4.74"," 6.16"," 1.06"," 1.54"," 0.33"," 1.33"," 0.83"," 3.04"," 4.29"," 1.37"," 1.06"," 3.52"," 7.61"," 2.37"," 6.92"," 4.94"," 1.11"," 2.81"," 2.39"," 1.54"," 2.47"," 0.00"," 4.94"," 3.67"," 3.40"," 4.21"
"2021-05-30"," 2.95"," 0.36"," 2.99"," 1.23"," 3.31"," 0.58"," 0.72"," 1.02"," 1.39"," 2.81"," 5.48"," 0.04"," 0.91"," 0.34"," 0.94"," 0.23"," 2.29"," 3.44"," 0.99"," 0.32"," 2.32"," 5.19"," 1.26"," 8.59"," 4.83"," 0.69"," 1.93"," 1.18"," 0.83"," 2.83"," 0.74"," 3.32"," 2.63"," 3.06"," 2.75"
"2021-06-06"," 2.23"," 0.30"," 1.98"," 1.09"," 2.32"," 0.61"," 1.70"," 2.85"," 1.07"," 2.72"," 3.68"," 0.31"," 0.99"," 0.29"," 0.54"," 0.37"," 1.20"," 2.55"," 2.33"," 0.64"," 1.73"," 3.60"," 1.63"," 7.39"," 8.13"," 0.82"," 1.30"," 1.15"," 0.80"," 1.63"," 2.09"," 2.02"," 1.84"," 1.93"," 1.60"
"2021-06-13"," 1.63"," 0.27"," 1.65"," 0.59"," 1.55"," 0.57"," 2.61"," 1.61"," 0.71"," 1.36"," 2.45"," 0.21"," 0.86"," 0.24"," 1.01"," 0.30"," 1.14"," 1.94"," 2.58"," 0.33"," 1.20"," 2.37"," 1.57"," 5.37"," 6.69"," 0.35"," 0.73"," 1.10"," 1.15"," 0.52"," 0.73"," 1.41"," 1.45"," 1.43"," 1.16"
"2021-06-20"," 1.37"," 0.11"," 0.81"," 0.38"," 1.09"," 0.19"," 7.29"," 0.79"," 0.45"," 1.05"," 2.70"," 0.17"," 0.64"," 0.24"," 1.61"," 0.22"," 0.61"," 1.44"," 3.69"," 0.65"," 0.67"," 1.35"," 0.51"," 3.65"," 6.34"," 0.20"," 0.80"," 1.00"," 1.29"," 0.64"," 0.37"," 1.11"," 1.92"," 1.30"," 0.63"
"2021-06-27"," 1.14"," 0.00"," 1.00"," 0.61"," 1.00"," 0.12"," 6.59"," 0.13"," 1.20"," 1.42"," 1.87"," 0.24"," 1.24"," 0.30"," 1.03"," 0.00"," 1.06"," 1.67"," 1.59"," 0.28"," 0.47"," 1.09"," 1.59"," 2.52"," 5.22"," 0.47"," 0.59"," 0.66"," 0.35"," 0.34"," 0.54"," 0.74"," 1.75"," 1.17"," 0.45"
"2021-07-04"," 0.93"," 0.06"," 1.04"," 0.30"," 0.69"," 0.25"," 5.12"," 0.61"," 0.83"," 0.67"," 2.23"," 0.14"," 0.71"," 0.63"," 1.05"," 0.23"," 1.06"," 1.13"," 0.64"," 0.34"," 0.26"," 1.06"," 2.48"," 1.38"," 4.24"," 0.12"," 0.43"," 1.05"," 0.11"," 0.06"," 0.00"," 0.54"," 1.55"," 0.59"," 0.38"
"2021-07-11"," 0.81"," 0.43"," 0.41"," 0.19"," 0.75"," 0.22"," 7.29"," 0.40"," 0.41"," 0.60"," 1.98"," 0.39"," 0.79"," 0.16"," 0.54"," 0.25"," 1.05"," 0.79"," 1.84"," 0.27"," 0.14"," 0.62"," 0.09"," 2.14"," 2.70"," 0.00"," 0.34"," 1.27"," 0.33"," 0.21"," 0.37"," 0.58"," 0.98"," 0.57"," 0.42"
"2021-07-18"," 0.92"," 0.24"," 1.19"," 1.25"," 1.32"," 0.74"," 3.74"," 1.82"," 1.17"," 0.94"," 2.48"," 0.25"," 1.23"," 0.00"," 0.22"," 0.00"," 1.00"," 1.43"," 1.63"," 0.44"," 0.24"," 1.01"," 0.38"," 1.34"," 1.85"," 0.19"," 0.42"," 0.38"," 0.06"," 0.35"," 0.00"," 0.77"," 0.83"," 0.71"," 0.66"
"2021-07-25"," 1.03"," 0.00"," 1.10"," 0.29"," 1.49"," 0.30"," 3.45"," 1.81"," 1.80"," 0.91"," 2.35"," 0.63"," 0.73"," 0.21"," 0.45"," 0.19"," 0.46"," 0.95"," 0.39"," 0.52"," 0.24"," 1.34"," 1.08"," 1.05"," 2.60"," 0.00"," 0.61"," 0.66"," 0.41"," 0.27"," 0.00"," 0.89"," 0.71"," 1.10"," 1.11"
"2021-08-01"," 1.43"," 0.28"," 1.66"," 0.34"," 1.47"," 0.58"," 2.85"," 2.50"," 0.97"," 1.02"," 2.89"," 1.09"," 0.87"," 0.67"," 0.22"," 0.37"," 1.24"," 0.65"," 0.31"," 0.24"," 0.39"," 1.84"," 0.46"," 0.58"," 2.46"," 0.16"," 0.96"," 1.15"," 0.58"," 0.27"," 0.65"," 1.40"," 1.00"," 3.73"," 1.83"
"2021-08-08"," 2.15"," 0.29"," 3.29"," 1.64"," 2.18"," 1.01"," 1.50"," 1.77"," 1.10"," 1.98"," 5.12"," 1.14"," 1.04"," 0.40"," 1.19"," 1.22"," 1.70"," 2.36"," 0.57"," 0.07"," 0.85"," 2.57"," 0.58"," 0.41"," 2.25"," 0.14"," 1.59"," 1.83"," 0.55"," 0.24"," 0.00"," 2.15"," 1.41"," 6.43"," 2.70"
"2021-08-15"," 2.72"," 0.97"," 3.15"," 2.12"," 2.54"," 1.03"," 1.36"," 2.73"," 1.86"," 2.14"," 6.12"," 1.60"," 1.43"," 0.41"," 1.05"," 1.20"," 3.15"," 3.18"," 0.98"," 0.49"," 1.37"," 3.70"," 0.95"," 0.86"," 2.04"," 0.13"," 2.24"," 1.35"," 1.07"," 0.72"," 0.00"," 2.52"," 2.03"," 7.35"," 3.28"
"2021-08-22"," 3.06"," 1.09"," 2.49"," 3.57"," 2.98"," 3.07"," 1.69"," 2.26"," 0.62"," 1.93"," 6.55"," 1.13"," 1.62"," 0.19"," 1.30"," 0.67"," 2.66"," 3.47"," 0.82"," 1.01"," 1.80"," 3.76"," 1.50"," 1.10"," 2.61"," 0.39"," 2.36"," 1.70"," 1.36"," 0.96"," 0.00"," 3.03"," 2.75"," 8.73"," 3.68"
"2021-08-29"," 3.34"," 0.43"," 4.76"," 5.31"," 2.60"," 3.19"," 0.81"," 2.94"," 0.97"," 2.49"," 5.60"," 1.37"," 2.06"," 1.06"," 1.07"," 0.45"," 2.97"," 5.04"," 3.07"," 0.55"," 2.41"," 4.15"," 1.70"," 1.61"," 2.89"," 0.14"," 3.07"," 1.91"," 0.87"," 0.57"," 0.91"," 3.16"," 3.15"," 9.05"," 3.73"
"2021-09-05"," 3.32"," 1.90"," 5.24"," 7.13"," 3.18"," 3.17"," 1.47"," 2.13"," 1.78"," 3.09"," 4.58"," 1.23"," 2.41"," 0.96"," 2.44"," 1.66"," 2.13"," 5.43"," 1.75"," 1.01"," 3.33"," 3.74"," 3.70"," 0.51"," 3.24"," 1.94"," 3.01"," 2.55"," 1.81"," 0.88"," 0.00"," 3.09"," 3.91"," 6.88"," 3.36"
"2021-09-12"," 2.58"," 1.10"," 3.47"," 4.85"," 2.53"," 3.40"," 0.94"," 2.33"," 1.63"," 2.54"," 3.12"," 1.20"," 1.65"," 0.79"," 2.12"," 1.28"," 2.10"," 3.72"," 0.83"," 0.82"," 2.88"," 3.22"," 1.81"," 0.73"," 2.49"," 0.09"," 1.85"," 2.69"," 1.32"," 0.31"," 1.84"," 2.60"," 2.46"," 3.95"," 2.97"
"2021-09-19"," 2.20"," 0.35"," 3.66"," 4.41"," 2.34"," 4.29"," 0.53"," 1.92"," 1.72"," 2.07"," 2.42"," 0.69"," 2.08"," 0.92"," 2.25"," 1.11"," 1.91"," 2.91"," 0.79"," 0.95"," 2.44"," 2.57"," 1.67"," 1.16"," 1.97"," 0.68"," 1.35"," 1.64"," 0.94"," 0.13"," 1.63"," 2.07"," 2.25"," 4.27"," 2.31"
"2021-09-26"," 1.89"," 0.16"," 1.82"," 4.81"," 1.74"," 3.73"," 0.68"," 1.93"," 0.79"," 1.40"," 2.14"," 0.80"," 2.68"," 0.88"," 3.45"," 1.08"," 1.81"," 3.45"," 1.59"," 1.28"," 1.96"," 2.55"," 1.34"," 0.41"," 1.80"," 0.36"," 1.15"," 2.38"," 0.94"," 0.22"," 0.71"," 1.63"," 1.54"," 3.51"," 1.57"
"2021-10-03"," 1.79"," 0.10"," 1.85"," 3.16"," 1.49"," 2.68"," 1.12"," 1.71"," 0.72"," 1.34"," 2.23"," 1.01"," 2.50"," 0.68"," 3.43"," 1.08"," 1.65"," 2.91"," 1.22"," 0.68"," 1.52"," 2.37"," 1.32"," 0.13"," 1.59"," 0.81"," 1.35"," 2.90"," 1.88"," 0.13"," 2.31"," 1.61"," 1.44"," 4.06"," 1.78"
"2021-10-10"," 1.66"," 0.44"," 2.11"," 4.01"," 1.15"," 3.24"," 0.84"," 2.19"," 0.50"," 1.20"," 1.96"," 0.55"," 2.05"," 1.60"," 4.96"," 0.69"," 1.08"," 1.78"," 1.27"," 0.49"," 1.62"," 2.47"," 1.07"," 0.63"," 1.46"," 1.36"," 1.61"," 3.76"," 1.56"," 0.26"," 0.30"," 1.25"," 1.98"," 3.64"," 1.38"
"2021-10-17"," 1.49"," 1.74"," 2.00"," 3.23"," 0.98"," 1.43"," 0.92"," 3.18"," 0.73"," 1.04"," 1.63"," 0.57"," 1.26"," 0.77"," 3.99"," 0.39"," 1.81"," 2.66"," 0.86"," 0.20"," 1.31"," 1.85"," 0.59"," 0.77"," 1.68"," 0.62"," 1.49"," 3.76"," 3.96"," 0.95"," 2.65"," 0.92"," 1.20"," 2.76"," 1.35"
"2021-10-24"," 1.52"," 2.09"," 2.43"," 2.37"," 0.64"," 1.72"," 2.21"," 3.44"," 0.14"," 1.38"," 1.48"," 0.53"," 2.39"," 1.63"," 2.80"," 0.32"," 1.53"," 2.70"," 0.83"," 0.35"," 1.26"," 1.63"," 0.60"," 0.35"," 1.69"," 0.66"," 1.73"," 3.57"," 3.99"," 0.85"," 1.47"," 1.05"," 0.99"," 3.37"," 1.30"
"2021-10-31"," 1.87"," 1.52"," 3.26"," 2.89"," 1.25"," 1.92"," 1.50"," 4.76"," 0.96"," 1.31"," 1.57"," 0.66"," 2.36"," 2.40"," 3.77"," 1.77"," 0.98"," 3.48"," 4.21"," 0.41"," 1.50"," 1.65"," 1.30"," 1.60"," 2.66"," 0.99"," 2.63"," 4.49"," 4.45"," 2.04"," 0.52"," 1.06"," 2.05"," 2.96"," 2.08"
"2021-11-07"," 2.14"," 5.53"," 3.21"," 3.28"," 2.25"," 1.94"," 0.92"," 7.48"," 0.50"," 1.28"," 1.32"," 0.67"," 2.88"," 2.76"," 2.40"," 2.65"," 1.30"," 3.21"," 1.85"," 0.49"," 1.81"," 1.64"," 1.34"," 2.00"," 2.79"," 1.27"," 3.36"," 6.19"," 4.76"," 0.62"," 0.98"," 1.23"," 2.48"," 4.27"," 1.79"
"2021-11-14"," 2.36"," 5.15"," 4.69"," 3.32"," 2.29"," 2.76"," 0.59"," 6.56"," 1.27"," 1.86"," 2.17"," 1.88"," 3.20"," 2.56"," 2.47"," 2.39"," 1.54"," 2.51"," 1.81"," 1.73"," 1.65"," 1.89"," 1.48"," 0.96"," 3.46"," 2.21"," 3.85"," 5.24"," 4.68"," 1.94"," 4.86"," 1.42"," 1.80"," 5.03"," 1.73"
"2021-11-21"," 2.75"," 5.38"," 5.76"," 3.78"," 2.51"," 2.75"," 2.68"," 5.73"," 1.94"," 2.32"," 2.12"," 2.74"," 3.82"," 3.53"," 2.60"," 1.75"," 1.89"," 2.50"," 1.43"," 1.19"," 1.76"," 2.24"," 2.18"," 0.95"," 2.91"," 1.93"," 4.42"," 5.87"," 3.59"," 3.85"," 3.90"," 1.85"," 1.88"," 6.50"," 2.24"
"2021-11-28"," 2.99"," 5.65"," 4.83"," 6.26"," 2.45"," 2.48"," 1.84"," 5.95"," 3.10"," 2.74"," 2.71"," 2.51"," 2.78"," 2.84"," 3.70"," 1.77"," 2.53"," 3.24"," 2.18"," 1.57"," 2.23"," 2.44"," 2.22"," 0.91"," 3.58"," 3.53"," 4.82"," 5.17"," 5.56"," 4.32"," 2.74"," 1.92"," 3.07"," 6.73"," 2.53"
"2021-12-05"," 3.71"," 5.32"," 5.75"," 7.07"," 3.49"," 2.82"," 3.24"," 5.00"," 2.75"," 4.34"," 3.80"," 3.40"," 4.63"," 5.15"," 3.77"," 6.79"," 3.37"," 3.81"," 3.64"," 1.75"," 3.04"," 3.37"," 2.35"," 3.14"," 4.27"," 1.79"," 4.23"," 4.24"," 4.18"," 2.64"," 2.12"," 2.87"," 3.83"," 6.83"," 3.65"
"2021-12-12"," 7.23"," 5.43"," 7.30"," 6.88"," 7.22"," 5.96"," 4.58"," 6.58"," 5.07","11.38"," 7.62"," 4.88"," 3.92"," 5.49"," 6.95"," 5.94"," 6.70"," 5.88"," 2.90"," 4.82"," 7.43"," 7.92"," 6.11"," 4.70"," 6.97"," 3.16"," 6.61"," 6.67"," 4.97"," 2.47"," 2.45"," 8.28"," 6.96"," 7.32"," 7.44"
"2021-12-19","16.94"," 8.39","15.34","13.03","19.56","18.45","10.96","14.45","12.03","21.85","18.89"," 9.45"," 9.32"," 8.55","16.70","13.40","14.57","14.91"," 8.02"," 8.75","16.10","20.58","14.49","10.63","16.34","11.74","13.79","11.19"," 7.82"," 5.63"," 5.72","19.60","14.69","11.60","18.66"
"2021-12-26","28.74","19.81","30.76","25.41","30.98","31.33","21.37","26.87","23.50","33.41","27.00","17.77","19.67","15.08","29.17","25.21","26.94","27.74","17.42","19.41","30.50","34.73","21.68","18.55","30.19","24.62","27.39","22.72","17.52","17.75","17.15","30.54","30.09","26.32","30.79"
"2022-01-02","23.03","11.69","26.31","24.19","30.90","25.06","16.64","22.08","13.83","28.87","24.31","13.09"," 8.93","10.46","27.45","15.62","20.57","24.46","16.40","18.02","26.56","30.14","16.48","13.56","26.72","21.15","21.60","18.62","12.44","13.95","14.57","20.64","21.17","28.80","24.19"
"2022-01-09","19.93","14.41","22.81","27.79","25.76","20.79","13.24","21.39","12.46","22.41","21.23","12.43"," 7.82"," 7.50","30.31","16.28","20.80","24.43","15.06","17.83","22.27","27.43","14.13","11.38","23.89","19.34","16.80","16.21","13.81","16.04","10.79","17.71","19.82","22.78","18.84"
"2022-01-16","17.11","11.50","19.52","24.90","18.41","21.89"," 9.15","19.23","12.54","17.48","17.34"," 8.47","10.83"," 8.06","28.74","18.63","19.00","21.04","14.36","25.79","21.52","21.69","13.03","14.45","16.83","17.52","16.27","17.07","12.30","17.90"," 6.90","15.05","18.69","22.36","15.58"
"2022-01-23","13.67","12.36","15.70","19.24","12.82","21.13"," 9.56","16.34"," 9.88","14.83","13.62"," 8.97","11.26"," 8.31","22.18","16.99","17.50","15.78","13.40","22.22","17.45","15.69"," 9.21","13.10","13.11","16.25","12.66","14.78"," 9.27","14.27"," 6.23","11.56","16.85","19.92","11.79"
"2022-01-30","11.63","14.59","14.17","19.17","11.08","16.67","11.38","16.43","10.76","11.51","12.14"," 7.61","10.47"," 8.62","23.18","17.32","14.81","14.73","12.31","22.69","13.24","10.39"," 9.44","12.85"," 9.94","15.35","12.33","13.58"," 9.18","16.65"," 6.19"," 9.15","13.42","18.37"," 9.06"
"2022-02-06","10.25","17.27","11.77","18.63"," 9.91","13.28","11.99","14.56","10.27"," 9.41"," 9.88"," 9.73","10.27","10.70","20.24","17.34","13.17","13.37","12.18","22.67","10.84"," 7.68"," 9.99","16.58"," 9.74","13.88"," 9.84","11.24"," 9.76","16.78"," 7.94"," 7.00","10.50","15.22"," 8.05"
"2022-02-13"," 9.32","19.29","10.51","13.17"," 8.51","11.60"," 9.90","13.48","11.15"," 7.17"," 9.94"," 9.72"," 8.48","12.56","14.71","16.32"," 9.39","11.11","15.05","26.57","11.41"," 5.60","11.62","20.44"," 8.79"," 7.73"," 8.72","10.29","10.53","17.01"," 4.20"," 6.29"," 9.57","12.95"," 6.77"
"2022-02-20"," 8.47","19.26","11.04","13.20"," 7.59","11.50"," 9.68","13.79"," 8.62"," 7.16"," 8.04"," 8.48"," 6.78","14.49","12.48","14.32"," 8.58"," 8.99","19.23","25.09","11.44"," 4.04","12.20","15.89"," 8.05","10.07"," 8.15","10.72","12.19","15.37"," 6.13"," 5.36"," 8.81","11.69"," 6.50"
"2022-02-27"," 9.37","21.55"," 8.69","13.08"," 8.64","10.19","10.72","14.93"," 8.36","10.48"," 9.86"," 7.01"," 7.28","14.71"," 9.76","12.08"," 9.44","10.86","14.36","24.38","10.97"," 5.14"," 9.84","12.06"," 9.41","13.39"," 9.42"," 9.67","10.20","15.40"," 8.17"," 6.85","10.98","13.97"," 6.42"
"2022-03-06","10.68","23.63","11.56","10.63"," 8.83","10.51","13.43","13.33"," 9.32","13.38","11.92","10.11"," 8.55","16.98"," 9.94","11.92","11.87","11.32","12.28","18.38","13.72"," 6.40","10.69","12.29","12.46","10.78"," 9.75","10.89","12.33","15.17"," 6.61"," 8.52","12.56","13.25"," 8.14"
"2022-03-13","11.65","24.11","12.06"," 9.03"," 9.38","10.23","14.25","14.89","10.09","13.76","13.55","15.12","10.82","15.71","13.46","11.66","10.92","14.46","10.17","16.52","13.50"," 6.47","13.18","12.99","13.58","10.38","13.38","10.59","11.77","14.50"," 8.33"," 9.47","14.65","14.97"," 9.74"
"2022-03-20","13.13","26.89","14.46","10.71","11.23","13.18","15.33","16.38","13.46","17.35","14.89","13.62","12.32","15.79","18.03","11.44","12.85","14.33","14.14","16.12","16.02"," 9.18","11.85","15.11","15.35","11.31","14.21","12.29","10.70","10.81"," 9.94","10.73","17.14","15.32","13.49"
"2022-03-27","15.84","25.83","19.06","14.01","15.04","15.12","23.43","21.63","15.44","20.82","17.93","16.00","11.95","20.96","19.43","14.88","13.80","17.51","14.46","15.66","19.52","11.87","12.47","15.00","18.45"," 9.25","16.78","14.47","11.57","10.01","13.11","13.86","20.14","18.27","15.35"
"2022-04-03","17.14","21.86","18.78","20.72","16.71","15.41","22.93","22.06","18.38","23.58","18.13","15.43","11.09","20.71","21.04","16.28","15.65","19.64","12.89","15.15","18.77","14.36","15.15","16.34","19.81","11.32","19.70","16.13","13.84","10.23","12.79","15.31","20.75","20.33","15.59"
"2022-04-10","17.63","21.36","19.49","23.23","16.33","16.57","17.54","22.94","21.77","23.85","20.39","16.62","12.49","20.88","27.42","17.74","16.34","18.43","18.74","17.49","18.76","14.27","18.03","13.69","18.37","13.65","20.40","16.04","19.79","15.95"," 5.46","15.34","18.64","21.12","15.80"
"2022-04-17","16.25","19.14","16.36","20.59","16.32","15.62","16.53","19.37","16.34","20.67","16.95","17.83","12.81","19.61","20.12","17.04","13.40","17.04","18.93","14.33","18.96","15.48","14.20","14.61","18.24","12.81","18.11","15.17","15.74","15.69"," 6.70","13.65","20.16","19.63","15.25"
"2022-04-24","13.76","19.54","16.45","18.77","14.31","12.18","11.94","15.01","12.63","16.85","14.77","15.42"," 9.85","16.70","17.15","15.95","11.72","14.10","12.30","17.34","14.85","12.98","13.49","17.51","16.10","12.08","14.39","12.77","13.47","14.64","12.09","12.03","14.79","13.03","13.44"
"2022-05-01","12.93","18.18","14.51","15.82","13.06","10.31","11.57","17.00","13.31","14.99","15.11","11.42","11.00","15.77","13.45","12.43","10.11","14.56","14.65","13.39","14.14","12.24","12.87"," 9.57","12.90","10.47","13.61","11.69","10.43","18.05"," 8.86","11.45","17.21","13.05","12.36"
"2022-05-08","11.23","15.50","12.06","13.74","10.22"," 9.82","11.66","18.81"," 7.79","14.13","15.25"," 7.34"," 5.65","14.67","10.57","12.77"," 8.34","12.41"," 9.92","14.50","10.35","10.70","12.58","11.77","13.06"," 7.68","12.35"," 9.79"," 7.94","14.08"," 4.27","10.08","12.61","11.23","11.81"
"2022-05-15"," 9.15"," 8.67"," 9.06"," 8.28"," 9.44"," 8.28"," 4.95","10.08"," 8.53","11.46","11.41"," 6.74"," 6.72","11.52"," 6.97","10.89"," 7.13","10.74","10.74","12.02"," 9.93"," 9.07"," 7.72"," 9.52"," 9.13"," 4.82"," 8.72"," 7.92"," 6.69","11.93"," 2.48"," 8.75"," 8.69"," 8.70","10.14"
"2022-05-22"," 7.88","10.46"," 8.94"," 8.60"," 6.78"," 7.44"," 5.50"," 8.05"," 5.65"," 9.69"," 9.98"," 4.62"," 4.57"," 8.38"," 4.93"," 7.98"," 7.98","10.47","10.36"," 9.55"," 7.76"," 7.24","11.47"," 8.61"," 7.78"," 4.12"," 7.89"," 5.03"," 5.81","12.33"," 1.90"," 7.66"," 6.71"," 7.44"," 8.95"
"2022-05-29"," 7.22"," 7.89"," 5.73"," 7.97"," 5.95"," 5.63"," 5.25"," 6.11"," 5.36"," 8.69"," 8.79"," 5.21"," 4.22"," 8.48"," 4.62"," 7.82"," 6.48"," 8.11"," 6.72","10.19"," 9.71"," 7.27"," 8.47"," 6.24"," 6.40"," 2.08"," 7.01"," 4.78"," 5.21"," 9.18"," 1.90"," 7.15"," 6.00"," 5.84"," 9.52"
"2022-06-05"," 6.66"," 5.13"," 5.31"," 3.95"," 5.36"," 3.94"," 2.87"," 7.38"," 4.41"," 9.94"," 6.66"," 5.06"," 3.87"," 6.85"," 4.42"," 6.28"," 4.16"," 8.16"," 5.50"," 9.80"," 9.21"," 6.37"," 6.22"," 5.88"," 8.37"," 3.28"," 6.50"," 3.88"," 4.62"," 9.42"," 1.59"," 7.25"," 5.90"," 5.68"," 8.86"
"2022-06-12"," 6.91"," 8.69"," 5.64"," 3.04"," 5.52"," 3.74"," 3.82"," 9.62"," 2.54"," 8.31"," 6.38"," 3.76"," 2.38"," 9.93"," 3.50"," 4.28"," 4.49"," 7.17"," 6.13","11.02","10.57"," 7.85"," 4.20"," 6.00"," 8.41"," 3.41"," 7.02"," 3.18"," 5.42"," 7.03"," 1.49"," 7.62"," 6.96"," 6.53"," 7.95"
"2022-06-19"," 8.37"," 7.71"," 7.87"," 6.53"," 7.49"," 5.72"," 5.42"," 8.15"," 5.77","13.21"," 6.63"," 5.68"," 3.63"," 7.04"," 4.13"," 7.72"," 6.56"," 6.96"," 5.12"," 7.92","13.81"," 8.22"," 7.27"," 4.29","10.71"," 2.46"," 7.39"," 4.59"," 6.63"," 8.98"," 0.00"," 8.82"," 7.68"," 7.76","11.89"
"2022-06-26","10.89"," 9.50","11.88"," 7.51","10.41"," 7.53"," 5.11"," 9.93"," 7.99","14.15","11.79"," 6.35"," 4.62","10.38"," 9.81"," 8.68"," 8.62","10.69"," 7.01","13.40","16.47","10.69"," 8.64"," 9.47","12.36"," 4.85"," 9.95"," 7.13"," 9.27"," 9.39"," 2.76","11.50","11.34"," 9.16","13.59"
"2022-07-03","13.03","10.61","13.73"," 5.06","11.40","14.89"," 5.59","12.81"," 9.85","18.25","15.59"," 8.84"," 6.44","16.62"," 8.27","10.68","11.33","12.99"," 5.67","10.27","16.72","12.91","13.69","11.55","12.98"," 9.16","11.88","11.53"," 9.08"," 9.95"," 1.32","13.63","15.32","11.76","15.65"
"2022-07-10","14.78","12.78","16.57"," 9.85","12.66","14.74"," 8.70","20.94","10.31","20.53","17.90","11.02"," 8.96","17.60","11.51","15.39","13.10","17.35","12.84","17.00","18.00","14.51","13.47","11.27","17.88","11.57","11.91","11.91","10.83","10.58"," 2.08","15.22","15.89","10.86","16.88"
"2022-07-17","14.83","16.77","14.45","12.48","13.96","16.61","11.05","15.83","12.11","16.93","17.74","13.43","10.46","20.36","15.69","16.28","12.55","16.03","16.16","15.99","19.88","12.42","14.22","13.17","18.06","17.03","15.11","10.22","12.42","11.29"," 4.22","14.61","14.97","12.35","15.48"
"2022-07-24","13.90","19.68","15.21","12.34","11.64","15.90","11.84","16.34","15.77","15.41","15.94","13.58"," 9.09","16.35","16.57","14.88","13.05","17.66","17.36","16.72","18.32","12.63","12.42"," 9.13","16.91","14.89","13.37","11.19"," 8.00","13.87"," 2.31","13.20","16.52","12.44","12.84"
"2022-07-31","13.50","12.95","17.61","10.30","11.45","14.78","15.31","18.29","15.42","15.13","18.35","12.94"," 9.58","24.67","17.00","12.27","13.01","16.31","16.27","17.95","16.00","10.59","14.04","13.15","17.90","15.26","12.98","12.45"," 8.37","14.98"," 1.43","12.56","14.12","12.54","12.41"
"2022-08-07","12.84","11.35","14.55","15.54","11.65","10.23","14.79","15.25","13.82","12.84","15.80","13.34","10.05","20.26","19.16","16.50","13.79","15.70","14.24","14.29","14.38"," 9.56","10.29","15.92","17.47","12.83","14.07","13.40"," 9.12","15.53"," 3.90","11.31","16.03","14.86","10.87"
"2022-08-14","12.64","14.61","15.86","13.91"," 9.85","11.07","11.18","14.41","15.37","12.13","15.68","14.68","10.22","19.04","15.30","13.41","14.18","16.48","16.40","21.39","12.30","10.04","11.11","12.08","15.90","14.98","13.76","13.13","10.69","14.17"," 6.32","11.09","16.50","11.52","11.26"
"2022-08-21","12.31","15.01","12.32","12.20"," 9.72"," 9.83","12.68","13.42","14.57","12.01","15.94","16.34"," 8.57","20.55","15.25","12.20","12.77","15.19","16.19","19.22","12.06"," 9.53","10.55","12.55","15.43","15.72","13.33","13.21","13.15","12.35"," 6.13"," 9.88","16.43","15.82","11.04"
"2022-08-28","11.24","13.31","10.36","12.20","10.07"," 9.51","13.29","13.45","10.19"," 9.13","13.63","14.16"," 6.60","19.00","14.08"," 8.49","12.48","14.99","12.25","22.71","10.29"," 8.58","13.85","21.41","10.54","12.61","12.19","15.67"," 9.39","13.11"," 3.87"," 9.93","14.24","12.47"," 9.91"
"2022-09-04","10.61","10.05","12.94","12.46"," 8.87","16.54","11.94"," 9.57"," 8.62","10.80","13.63","16.05"," 9.18","19.05","17.05","12.95","13.28","12.04","10.76","12.15"," 9.76"," 9.17","15.04","12.38","12.86"," 9.47","10.15","16.09"," 9.59","13.16"," 2.13"," 8.35","10.92","10.79"," 9.12"
"2022-09-11","10.65","14.59","13.42","11.88"," 7.79","15.82","12.05","15.21"," 8.92","12.00","13.77","18.92","10.04","17.29","18.08","18.44","10.91","12.07","10.27"," 9.28","12.09"," 8.24","13.86","11.09","14.52"," 7.98","10.24","16.49"," 6.41","14.00"," 2.04"," 8.36","11.30","10.67"," 7.96"
"2022-09-18","11.37","13.24","11.96"," 9.00"," 8.87","11.45"," 9.89","13.14","10.41","10.24","13.70","16.54","15.63","18.26","18.84","16.52","11.74","12.95","14.75","12.33","13.44"," 8.72","18.95"," 7.11","13.48","14.38","11.46","15.38","11.41","13.70"," 0.83"," 8.83","12.60","12.40"," 9.73"
"2022-09-25","12.58","20.85","11.65","10.78"," 8.63","12.63","11.89","17.64","13.59","10.75","13.65","17.82","11.35","21.70","23.15","19.95","13.28","14.94","18.28","10.96","15.64"," 9.14","20.83","14.29","14.22"," 9.36","14.80","12.56","11.09","12.78"," 2.25","10.55","11.57","11.02","10.36"
"2022-10-02","14.40","19.88","14.09","12.50","11.23","12.63","14.98","14.99","20.20","15.67","17.38","16.39","16.94","21.35","23.45","23.03","16.14","18.24","19.17","15.03","17.82"," 9.85","20.49","16.54","15.39","14.25","15.34","18.41","12.71","12.16"," 4.11","11.46","13.33","13.38","11.14"
"2022-10-09","16.12","28.25","17.31","13.78","15.31","14.77","23.91","22.82","20.33","15.57","19.83","16.99","17.27","20.80","27.93","23.20","19.10","19.29","15.39","18.08","17.92","10.68","19.21","15.30","18.64","21.17","17.99","17.44","11.94","15.28","11.54","13.60","14.88","14.73","13.44"
"2022-10-16","16.45","23.34","19.02","17.06","12.06","18.03","26.05","28.57","18.33","17.08","21.09","14.98","19.29","20.86","29.87","21.99","17.31","21.39","18.65","15.85","21.70","11.69","22.95","17.32","20.63","17.23","17.50","20.91","14.88","13.71","11.32","13.61","18.01","11.89","13.05"
"2022-10-23","16.97","26.03","18.74","19.89","11.52","15.37","25.28","31.28","16.96","20.69","23.15"," 9.75","20.91","19.18","33.18","20.19","18.20","22.56","15.07","18.20","23.60","13.20","22.44","11.21","19.53","16.79","18.80","20.53","13.67","13.43"," 6.19","13.59","17.60","13.51","13.98"
"2022-10-30","14.68","19.22","15.91","14.65","10.02","14.39","22.22","20.91","14.64","16.60","22.35"," 9.71","23.53","17.67","28.86","14.62","21.41","19.18","15.94","14.71","17.55"," 9.57","12.92","11.44","20.36"," 7.52","14.95","17.72","12.39","14.46"," 5.05","11.61","15.52","13.75","13.63"
"2022-11-06","12.17","16.38","11.76","16.27"," 8.46","14.98","17.19","13.07"," 6.16","17.58","17.30","11.76","15.32","14.30","23.36","11.62","13.28","16.81","15.10","10.29","14.26"," 9.89","10.91"," 7.95","14.67"," 9.51","12.40","13.82","11.95","12.98"," 2.44"," 9.77","10.27"," 9.66","12.11"
"2022-11-13","10.97","12.87"," 9.03","15.09"," 6.54","15.06","20.13"," 9.62","10.12","13.95","15.11"," 8.95"," 8.89","12.53","23.27"," 9.89","11.87","14.67","13.79","15.79","12.78"," 9.42"," 8.66"," 8.08","11.29","12.33","11.28"," 8.97"," 8.08","15.91"," 1.90","10.05"," 9.74"," 7.97","10.33"
"2022-11-20","10.82","11.24","10.73","14.48"," 6.55"," 9.80","15.23","15.07","11.06","15.41","13.70"," 6.59","11.91","10.96","19.94"," 8.26"," 9.34","12.64"," 8.26","12.67","11.36"," 9.92"," 7.84"," 8.50","15.59","11.24","10.09"," 7.03"," 8.40","16.50"," 2.41","10.96","10.58"," 8.37","12.33"
"2022-11-27","10.79"," 7.93"," 9.51","10.56"," 7.46","12.45"," 8.33","12.63"," 9.45","15.63","12.38"," 8.95","12.26"," 7.91","15.90"," 8.53"," 9.92","12.95"," 6.59","15.53","10.13"," 9.54"," 8.21","11.72","14.76"," 5.62","12.07"," 8.18"," 6.55","13.78"," 2.06","10.94","10.48","10.71","13.04"
"2022-12-04","11.80"," 7.28","10.67"," 9.49"," 9.53"," 9.53"," 7.49","14.57"," 7.99","17.39","14.45"," 8.95"," 9.96","11.45","19.87","11.74","12.56","12.97"," 7.80","18.36","13.24","10.81"," 9.49"," 7.30","16.40"," 9.64","11.15"," 8.61","11.06","11.09"," 8.33","11.87","11.14","13.41","12.39"
"2022-12-11","13.63"," 8.30"," 9.92"," 8.66"," 9.35","13.09","12.30","18.80","15.86","20.62","17.33"," 7.53"," 9.63","14.53","19.28","15.82","12.29","20.69"," 7.83","18.11","14.81","13.52","13.32","13.62","19.13"," 9.06","12.34","13.06","11.80","15.16"," 3.16","12.96","12.16","10.65","14.67"
"2022-12-18","15.17","11.00","20.83","14.60","10.29","18.10","15.98","28.62","12.78","20.99","18.96"," 7.84","14.59","16.77","20.08","13.89","13.42","21.44","10.12","13.14","16.14","15.36","10.06","17.22","18.90"," 6.31","15.41","14.58"," 9.01","18.48"," 3.61","14.13","16.46","12.99","16.83"
"2022-12-25","17.35","10.76","23.19","14.81","12.56","16.43","19.28","19.08","10.91","23.23","26.10","20.98","19.00","24.07","23.79","15.66","16.44","22.07","15.05","14.46","17.47","14.18"," 7.84","16.88","24.40"," 8.16","15.62","13.15","11.92","17.27"," 2.67","17.26","22.54","17.18","17.44"
