"","Week start date","Ontario","Algoma Public Health Unit","Brant County Health Unit","Chatham-Kent Health Unit","Durham Region Health Department","Eastern Ontario Health Unit","Grey Bruce Health Unit","Haldimand-Norfolk Health Unit","Haliburton, Kawartha, Pine Ridge District Health Unit","Halton Region Health Department","Hamilton Public Health Services","Hastings and Prince Edward Counties Health Unit","Huron Perth Health Unit","Kingston, Frontenac and Lennox and Addington Health Unit","Lambton Public Health","Leeds, Grenville and Lanark District Health Unit","Middlesex-London Health Unit","Niagara Region Public Health Department","North Bay Parry Sound District Health Unit","Northwestern Health Unit","Ottawa Public Health","Peel Public Health","Peterborough Public Health","Porcupine Health Unit","Region of Waterloo, Public Health","Renfrew County and District Health Unit","Simcoe Muskoka District Health Unit","Southwestern Public Health","Sudbury and District Health Unit","Thunder Bay District Health Unit","Timiskaming Health Unit","Toronto Public Health","Wellington-Dufferin-Guelph Health Unit","Windsor-Essex County Health Unit","York Region Public Health"
"1","2019-12-29","0.00","0.00","0.00","0.00","0.00","0.00","0.00","0.00","0.00","0.00","0.00","0.00","0.00","0.00","0.00","0.00","0.00","0.00","0.00","0.00","0.00","0.00","0.00","0.00","0.00","0.00","0.00","0.00","0.00","0.00","0.00","0.00","0.00","0.00","0.00"
"2","2020-01-05","0.00","0.00","0.00","0.00","0.00","0.00","0.00","0.00","0.00","0.00","0.00","0.00","0.00","0.00","0.00","0.00","0.00","0.00","0.00","0.00","0.00","0.00","0.00","0.00","0.00","0.00","0.00","0.00","0.00","0.00","0.00","0.00","0.00","0.00","0.00"
"3","2020-01-12","0.00","0.00","0.00","0.00","0.00","0.00","0.00","0.00","0.00","0.00","0.00","0.00","0.00","0.00","0.00","0.00","0.00","0.00","0.00","0.00","0.00","0.00","0.00","0.00","0.00","0.00","0.00","0.00","0.00","0.00","0.00","0.00","0.00","0.00","0.00"
"4","2020-01-19","0.00","0.00","0.00","0.00","0.00","0.00","0.00","0.00","0.00","0.00","0.00","0.00","0.00","0.00","0.00","0.00","0.00","0.00","0.00","0.00","0.00","0.00","0.00","0.00","0.00","0.00","0.00","0.00","0.00","0.00","0.00","0.00","0.00","0.00","0.00"
"5","2020-01-26","0.00","0.00","0.00","0.00","0.00","0.00","0.00","0.00","0.00","0.00","0.00","0.00","0.00","0.00","0.00","0.00","0.00","0.00","0.00","0.00","0.00","0.00","0.00","0.00","0.00","0.00","0.00","0.00","0.00","0.00","0.00","0.00","0.00","0.00","0.00"
"6","2020-02-02","0.01","0.01","0.01","0.01","0.01","0.01","0.01","0.01","0.01","0.01","0.01","0.01","0.01","0.01","0.01","0.01","0.01","0.01","0.01","0.01","0.01","0.01","0.01","0.01","0.01","0.01","0.01","0.01","0.01","0.01","0.01","0.01","0.01","0.01","0.01"
"7","2020-02-09","0.02","0.02","0.02","0.02","0.02","0.02","0.02","0.02","0.02","0.02","0.02","0.02","0.02","0.02","0.02","0.02","0.02","0.02","0.02","0.02","0.02","0.02","0.02","0.02","0.02","0.02","0.02","0.02","0.02","0.02","0.02","0.02","0.02","0.02","0.02"
"8","2020-02-16","0.03","0.03","0.03","0.03","0.03","0.03","0.03","0.03","0.03","0.03","0.03","0.03","0.03","0.03","0.03","0.03","0.03","0.03","0.03","0.03","0.03","0.03","0.03","0.03","0.03","0.03","0.03","0.03","0.03","0.03","0.03","0.03","0.03","0.03","0.03"
"9","2020-02-23","0.05","0.05","0.05","0.05","0.05","0.05","0.05","0.05","0.05","0.05","0.05","0.05","0.05","0.05","0.05","0.05","0.05","0.05","0.05","0.05","0.05","0.05","0.05","0.05","0.05","0.05","0.05","0.05","0.05","0.05","0.05","0.05","0.05","0.05","0.05"
"10","2020-03-01","0.14","0.14","0.14","0.14","0.14","0.14","0.14","0.14","0.14","0.14","0.14","0.14","0.14","0.14","0.14","0.14","0.14","0.14","0.14","0.14","0.14","0.14","0.14","0.14","0.14","0.14","0.14","0.14","0.14","0.14","0.14","0.14","0.14","0.14","0.14"
"11","2020-03-08","0.12","0.12","0.12","0.12","0.12","0.12","0.12","0.12","0.12","0.12","0.12","0.12","0.12","0.12","0.12","0.12","0.12","0.12","0.12","0.12","0.12","0.12","0.12","0.12","0.12","0.12","0.12","0.12","0.12","0.12","0.12","0.12","0.12","0.12","0.12"
"12","2020-03-15","0.10","0.10","0.10","0.10","0.10","0.10","0.10","0.10","0.10","0.10","0.10","0.10","0.10","0.10","0.10","0.10","0.10","0.10","0.10","0.10","0.10","0.10","0.10","0.10","0.10","0.10","0.10","0.10","0.10","0.10","0.10","0.10","0.10","0.10","0.10"
"13","2020-03-22","0.05","0.05","0.05","0.05","0.05","0.05","0.05","0.05","0.05","0.05","0.05","0.05","0.05","0.05","0.05","0.05","0.05","0.05","0.05","0.05","0.05","0.05","0.05","0.05","0.05","0.05","0.05","0.05","0.05","0.05","0.05","0.05","0.05","0.05","0.05"
"14","2020-03-29","0.05","0.05","0.05","0.05","0.05","0.05","0.05","0.05","0.05","0.05","0.05","0.05","0.05","0.05","0.05","0.05","0.05","0.05","0.05","0.05","0.05","0.05","0.05","0.05","0.05","0.05","0.05","0.05","0.05","0.05","0.05","0.05","0.05","0.05","0.05"
"15","2020-04-05","0.05","0.05","0.05","0.05","0.05","0.05","0.05","0.05","0.05","0.05","0.05","0.05","0.05","0.05","0.05","0.05","0.05","0.05","0.05","0.05","0.05","0.05","0.05","0.05","0.05","0.05","0.05","0.05","0.05","0.05","0.05","0.05","0.05","0.05","0.05"
"16","2020-04-12","0.05","0.05","0.05","0.05","0.05","0.05","0.05","0.05","0.05","0.05","0.05","0.05","0.05","0.05","0.05","0.05","0.05","0.05","0.05","0.05","0.05","0.05","0.05","0.05","0.05","0.05","0.05","0.05","0.05","0.05","0.05","0.05","0.05","0.05","0.05"
"17","2020-04-19","0.05","0.05","0.05","0.05","0.05","0.05","0.05","0.05","0.05","0.05","0.05","0.05","0.05","0.05","0.05","0.05","0.05","0.05","0.05","0.05","0.05","0.05","0.05","0.05","0.05","0.05","0.05","0.05","0.05","0.05","0.05","0.05","0.05","0.05","0.05"
"18","2020-04-26","0.05","0.05","0.05","0.05","0.05","0.05","0.05","0.05","0.05","0.05","0.05","0.05","0.05","0.05","0.05","0.05","0.05","0.05","0.05","0.05","0.05","0.05","0.05","0.05","0.05","0.05","0.05","0.05","0.05","0.05","0.05","0.05","0.05","0.05","0.05"
"19","2020-05-03","0.05","0.05","0.05","0.05","0.05","0.05","0.05","0.05","0.05","0.05","0.05","0.05","0.05","0.05","0.05","0.05","0.05","0.05","0.05","0.05","0.05","0.05","0.05","0.05","0.05","0.05","0.05","0.05","0.05","0.05","0.05","0.05","0.05","0.05","0.05"
"20","2020-05-10","0.04","0.04","0.04","0.04","0.04","0.04","0.04","0.04","0.04","0.04","0.04","0.04","0.04","0.04","0.04","0.04","0.04","0.04","0.04","0.04","0.04","0.04","0.04","0.04","0.04","0.04","0.04","0.04","0.04","0.04","0.04","0.04","0.04","0.04","0.04"
"21","2020-05-17","0.04","0.04","0.04","0.04","0.04","0.04","0.04","0.04","0.04","0.04","0.04","0.04","0.04","0.04","0.04","0.04","0.04","0.04","0.04","0.04","0.04","0.04","0.04","0.04","0.04","0.04","0.04","0.04","0.04","0.04","0.04","0.04","0.04","0.04","0.04"
"22","2020-05-24","0.04","0.04","0.04","0.04","0.04","0.04","0.04","0.04","0.04","0.04","0.04","0.04","0.04","0.04","0.04","0.04","0.04","0.04","0.04","0.04","0.04","0.04","0.04","0.04","0.04","0.04","0.04","0.04","0.04","0.04","0.04","0.04","0.04","0.04","0.04"
"23","2020-05-31","0.04","0.04","0.04","0.04","0.04","0.04","0.04","0.04","0.04","0.04","0.04","0.04","0.04","0.04","0.04","0.04","0.04","0.04","0.04","0.04","0.04","0.04","0.04","0.04","0.04","0.04","0.04","0.04","0.04","0.04","0.04","0.04","0.04","0.04","0.04"
"24","2020-06-07","0.04","0.04","0.04","0.04","0.04","0.04","0.04","0.04","0.04","0.04","0.04","0.04","0.04","0.04","0.04","0.04","0.04","0.04","0.04","0.04","0.04","0.04","0.04","0.04","0.04","0.04","0.04","0.04","0.04","0.04","0.04","0.04","0.04","0.04","0.04"
"25","2020-06-14","0.04","0.04","0.04","0.04","0.04","0.04","0.04","0.04","0.04","0.04","0.04","0.04","0.04","0.04","0.04","0.04","0.04","0.04","0.04","0.04","0.04","0.04","0.04","0.04","0.04","0.04","0.04","0.04","0.04","0.04","0.04","0.04","0.04","0.04","0.04"
"26","2020-06-21","0.04","0.04","0.04","0.04","0.04","0.04","0.04","0.04","0.04","0.04","0.04","0.04","0.04","0.04","0.04","0.04","0.04","0.04","0.04","0.04","0.04","0.04","0.04","0.04","0.04","0.04","0.04","0.04","0.04","0.04","0.04","0.04","0.04","0.04","0.04"
"27","2020-06-28","0.04","0.04","0.04","0.04","0.04","0.04","0.04","0.04","0.04","0.04","0.04","0.04","0.04","0.04","0.04","0.04","0.04","0.04","0.04","0.04","0.04","0.04","0.04","0.04","0.04","0.04","0.04","0.04","0.04","0.04","0.04","0.04","0.04","0.04","0.04"
"28","2020-07-05","0.04","0.04","0.04","0.04","0.04","0.04","0.04","0.04","0.04","0.04","0.04","0.04","0.04","0.04","0.04","0.04","0.04","0.04","0.04","0.04","0.04","0.04","0.04","0.04","0.04","0.04","0.04","0.04","0.04","0.04","0.04","0.04","0.04","0.04","0.04"
"29","2020-07-12","0.04","0.04","0.04","0.04","0.04","0.04","0.04","0.04","0.04","0.04","0.04","0.04","0.04","0.04","0.04","0.04","0.04","0.04","0.04","0.04","0.04","0.04","0.04","0.04","0.04","0.04","0.04","0.04","0.04","0.04","0.04","0.04","0.04","0.04","0.04"
"30","2020-07-19","0.05","0.05","0.05","0.05","0.05","0.05","0.05","0.05","0.05","0.05","0.05","0.05","0.05","0.05","0.05","0.05","0.05","0.05","0.05","0.05","0.05","0.05","0.05","0.05","0.05","0.05","0.05","0.05","0.05","0.05","0.05","0.05","0.05","0.05","0.05"
"31","2020-07-26","0.05","0.05","0.05","0.05","0.05","0.05","0.05","0.05","0.05","0.05","0.05","0.05","0.05","0.05","0.05","0.05","0.05","0.05","0.05","0.05","0.05","0.05","0.05","0.05","0.05","0.05","0.05","0.05","0.05","0.05","0.05","0.05","0.05","0.05","0.05"
"32","2020-08-02","0.05","0.05","0.05","0.05","0.05","0.05","0.05","0.05","0.05","0.05","0.05","0.05","0.05","0.05","0.05","0.05","0.05","0.05","0.05","0.05","0.05","0.05","0.05","0.05","0.05","0.05","0.05","0.05","0.05","0.05","0.05","0.05","0.05","0.05","0.05"
"33","2020-08-09","0.05","0.05","0.05","0.05","0.05","0.05","0.05","0.05","0.05","0.05","0.05","0.05","0.05","0.05","0.05","0.05","0.05","0.05","0.05","0.05","0.05","0.05","0.05","0.05","0.05","0.05","0.05","0.05","0.05","0.05","0.05","0.05","0.05","0.05","0.05"
"34","2020-08-16","0.05","0.05","0.05","0.05","0.05","0.05","0.05","0.05","0.05","0.05","0.05","0.05","0.05","0.05","0.05","0.05","0.05","0.05","0.05","0.05","0.05","0.05","0.05","0.05","0.05","0.05","0.05","0.05","0.05","0.05","0.05","0.05","0.05","0.05","0.05"
"35","2020-08-23","0.05","0.05","0.05","0.05","0.05","0.05","0.05","0.05","0.05","0.05","0.05","0.05","0.05","0.05","0.05","0.05","0.05","0.05","0.05","0.05","0.05","0.05","0.05","0.05","0.05","0.05","0.05","0.05","0.05","0.05","0.05","0.05","0.05","0.05","0.05"
"36","2020-08-30","0.06","0.06","0.06","0.06","0.06","0.06","0.06","0.06","0.06","0.06","0.06","0.06","0.06","0.06","0.06","0.06","0.06","0.06","0.06","0.06","0.06","0.06","0.06","0.06","0.06","0.06","0.06","0.06","0.06","0.06","0.06","0.06","0.06","0.06","0.06"
"37","2020-09-06","0.06","0.06","0.06","0.06","0.06","0.06","0.06","0.06","0.06","0.06","0.06","0.06","0.06","0.06","0.06","0.06","0.06","0.06","0.06","0.06","0.06","0.06","0.06","0.06","0.06","0.06","0.06","0.06","0.06","0.06","0.06","0.06","0.06","0.06","0.06"
"38","2020-09-13","0.07","0.07","0.07","0.07","0.07","0.07","0.07","0.07","0.07","0.07","0.07","0.07","0.07","0.07","0.07","0.07","0.07","0.07","0.07","0.07","0.07","0.07","0.07","0.07","0.07","0.07","0.07","0.07","0.07","0.07","0.07","0.07","0.07","0.07","0.07"
"39","2020-09-20","0.08","0.08","0.08","0.08","0.08","0.08","0.08","0.08","0.08","0.08","0.08","0.08","0.08","0.08","0.08","0.08","0.08","0.08","0.08","0.08","0.08","0.08","0.08","0.08","0.08","0.08","0.08","0.08","0.08","0.08","0.08","0.08","0.08","0.08","0.08"
"40","2020-09-27","0.09","0.09","0.09","0.09","0.09","0.09","0.09","0.09","0.09","0.09","0.09","0.09","0.09","0.09","0.09","0.09","0.09","0.09","0.09","0.09","0.09","0.09","0.09","0.09","0.09","0.09","0.09","0.09","0.09","0.09","0.09","0.09","0.09","0.09","0.09"
"41","2020-10-04","0.09","0.09","0.09","0.09","0.09","0.09","0.09","0.09","0.09","0.09","0.09","0.09","0.09","0.09","0.09","0.09","0.09","0.09","0.09","0.09","0.09","0.09","0.09","0.09","0.09","0.09","0.09","0.09","0.09","0.09","0.09","0.09","0.09","0.09","0.09"
"42","2020-10-11","0.10","0.10","0.10","0.10","0.10","0.10","0.10","0.10","0.10","0.10","0.10","0.10","0.10","0.10","0.10","0.10","0.10","0.10","0.10","0.10","0.10","0.10","0.10","0.10","0.10","0.10","0.10","0.10","0.10","0.10","0.10","0.10","0.10","0.10","0.10"
"43","2020-10-18","0.11","0.11","0.11","0.11","0.11","0.11","0.11","0.11","0.11","0.11","0.11","0.11","0.11","0.11","0.11","0.11","0.11","0.11","0.11","0.11","0.11","0.11","0.11","0.11","0.11","0.11","0.11","0.11","0.11","0.11","0.11","0.11","0.11","0.11","0.11"
"44","2020-10-25","0.12","0.12","0.12","0.12","0.12","0.12","0.12","0.12","0.12","0.12","0.12","0.12","0.12","0.12","0.12","0.12","0.12","0.12","0.12","0.12","0.12","0.12","0.12","0.12","0.12","0.12","0.12","0.12","0.12","0.12","0.12","0.12","0.12","0.12","0.12"
"45","2020-11-01","0.13","0.13","0.13","0.13","0.13","0.13","0.13","0.13","0.13","0.13","0.13","0.13","0.13","0.13","0.13","0.13","0.13","0.13","0.13","0.13","0.13","0.13","0.13","0.13","0.13","0.13","0.13","0.13","0.13","0.13","0.13","0.13","0.13","0.13","0.13"
"46","2020-11-08","0.14","0.14","0.14","0.14","0.14","0.14","0.14","0.14","0.14","0.14","0.14","0.14","0.14","0.14","0.14","0.14","0.14","0.14","0.14","0.14","0.14","0.14","0.14","0.14","0.14","0.14","0.14","0.14","0.14","0.14","0.14","0.14","0.14","0.14","0.14"
"47","2020-11-15","0.15","0.15","0.15","0.15","0.15","0.15","0.15","0.15","0.15","0.15","0.15","0.15","0.15","0.15","0.15","0.15","0.15","0.15","0.15","0.15","0.15","0.15","0.15","0.15","0.15","0.15","0.15","0.15","0.15","0.15","0.15","0.15","0.15","0.15","0.15"
"48","2020-11-22","0.15","0.15","0.15","0.15","0.15","0.15","0.15","0.15","0.15","0.15","0.15","0.15","0.15","0.15","0.15","0.15","0.15","0.15","0.15","0.15","0.15","0.15","0.15","0.15","0.15","0.15","0.15","0.15","0.15","0.15","0.15","0.15","0.15","0.15","0.15"
"49","2020-11-29","0.16","0.16","0.16","0.16","0.16","0.16","0.16","0.16","0.16","0.16","0.16","0.16","0.16","0.16","0.16","0.16","0.16","0.16","0.16","0.16","0.16","0.16","0.16","0.16","0.16","0.16","0.16","0.16","0.16","0.16","0.16","0.16","0.16","0.16","0.16"
"50","2020-12-06","0.17","0.17","0.17","0.17","0.17","0.17","0.17","0.17","0.17","0.17","0.17","0.17","0.17","0.17","0.17","0.17","0.17","0.17","0.17","0.17","0.17","0.17","0.17","0.17","0.17","0.17","0.17","0.17","0.17","0.17","0.17","0.17","0.17","0.17","0.17"
"51","2020-12-13","0.18","0.18","0.18","0.18","0.18","0.18","0.18","0.18","0.18","0.18","0.18","0.18","0.18","0.18","0.18","0.18","0.18","0.18","0.18","0.18","0.18","0.18","0.18","0.18","0.18","0.18","0.18","0.18","0.18","0.18","0.18","0.18","0.18","0.18","0.18"
"52","2020-12-20","0.18","0.18","0.18","0.18","0.18","0.18","0.18","0.18","0.18","0.18","0.18","0.18","0.18","0.18","0.18","0.18","0.18","0.18","0.18","0.18","0.18","0.18","0.18","0.18","0.18","0.18","0.18","0.18","0.18","0.18","0.18","0.18","0.18","0.18","0.18"
"53","2020-12-27","0.18","0.18","0.18","0.18","0.18","0.18","0.18","0.18","0.18","0.18","0.18","0.18","0.18","0.18","0.18","0.18","0.18","0.18","0.18","0.18","0.18","0.18","0.18","0.18","0.18","0.18","0.18","0.18","0.18","0.18","0.18","0.18","0.18","0.18","0.18"
"54","2021-01-03","0.19","0.19","0.19","0.19","0.19","0.19","0.19","0.19","0.19","0.19","0.19","0.19","0.19","0.19","0.19","0.19","0.19","0.19","0.19","0.19","0.19","0.19","0.19","0.19","0.19","0.19","0.19","0.19","0.19","0.19","0.19","0.19","0.19","0.19","0.19"
"55","2021-01-10","0.19","0.19","0.19","0.19","0.19","0.19","0.19","0.19","0.19","0.19","0.19","0.19","0.19","0.19","0.19","0.19","0.19","0.19","0.19","0.19","0.19","0.19","0.19","0.19","0.19","0.19","0.19","0.19","0.19","0.19","0.19","0.19","0.19","0.19","0.19"
"56","2021-01-17","0.19","0.19","0.19","0.19","0.19","0.19","0.19","0.19","0.19","0.19","0.19","0.19","0.19","0.19","0.19","0.19","0.19","0.19","0.19","0.19","0.19","0.19","0.19","0.19","0.19","0.19","0.19","0.19","0.19","0.19","0.19","0.19","0.19","0.19","0.19"
"57","2021-01-24","0.19","0.19","0.19","0.19","0.19","0.19","0.19","0.19","0.19","0.19","0.19","0.19","0.19","0.19","0.19","0.19","0.19","0.19","0.19","0.19","0.19","0.19","0.19","0.19","0.19","0.19","0.19","0.19","0.19","0.19","0.19","0.19","0.19","0.19","0.19"
"58","2021-01-31","0.19","0.19","0.19","0.19","0.19","0.19","0.19","0.19","0.19","0.19","0.19","0.19","0.19","0.19","0.19","0.19","0.19","0.19","0.19","0.19","0.19","0.19","0.19","0.19","0.19","0.19","0.19","0.19","0.19","0.19","0.19","0.19","0.19","0.19","0.19"
"59","2021-02-07","0.18","0.18","0.18","0.18","0.18","0.18","0.18","0.18","0.18","0.18","0.18","0.18","0.18","0.18","0.18","0.18","0.18","0.18","0.18","0.18","0.18","0.18","0.18","0.18","0.18","0.18","0.18","0.18","0.18","0.18","0.18","0.18","0.18","0.18","0.18"
"60","2021-02-14","0.18","0.18","0.18","0.18","0.18","0.18","0.18","0.18","0.18","0.18","0.18","0.18","0.18","0.18","0.18","0.18","0.18","0.18","0.18","0.18","0.18","0.18","0.18","0.18","0.18","0.18","0.18","0.18","0.18","0.18","0.18","0.18","0.18","0.18","0.18"
"61","2021-02-21","0.19","0.19","0.19","0.19","0.19","0.19","0.19","0.19","0.19","0.19","0.19","0.19","0.19","0.19","0.19","0.19","0.19","0.19","0.19","0.19","0.19","0.19","0.19","0.19","0.19","0.19","0.19","0.19","0.19","0.19","0.19","0.19","0.19","0.19","0.19"
"62","2021-02-28","0.19","0.19","0.19","0.19","0.19","0.19","0.19","0.19","0.19","0.19","0.19","0.19","0.19","0.19","0.19","0.19","0.19","0.19","0.19","0.19","0.19","0.19","0.19","0.19","0.19","0.19","0.19","0.19","0.19","0.19","0.19","0.19","0.19","0.19","0.19"
"63","2021-03-07","0.19","0.19","0.19","0.19","0.19","0.19","0.19","0.19","0.19","0.19","0.19","0.19","0.19","0.19","0.19","0.19","0.19","0.19","0.19","0.19","0.19","0.19","0.19","0.19","0.19","0.19","0.19","0.19","0.19","0.19","0.19","0.19","0.19","0.19","0.19"
"64","2021-03-14","0.19","0.19","0.19","0.19","0.19","0.19","0.19","0.19","0.19","0.19","0.19","0.19","0.19","0.19","0.19","0.19","0.19","0.19","0.19","0.19","0.19","0.19","0.19","0.19","0.19","0.19","0.19","0.19","0.19","0.19","0.19","0.19","0.19","0.19","0.19"
"65","2021-03-21","0.19","0.19","0.19","0.19","0.19","0.19","0.19","0.19","0.19","0.19","0.19","0.19","0.19","0.19","0.19","0.19","0.19","0.19","0.19","0.19","0.19","0.19","0.19","0.19","0.19","0.19","0.19","0.19","0.19","0.19","0.19","0.19","0.19","0.19","0.19"
"66","2021-03-28","0.19","0.19","0.19","0.19","0.19","0.19","0.19","0.19","0.19","0.19","0.19","0.19","0.19","0.19","0.19","0.19","0.19","0.19","0.19","0.19","0.19","0.19","0.19","0.19","0.19","0.19","0.19","0.19","0.19","0.19","0.19","0.19","0.19","0.19","0.19"
"67","2021-04-04","0.20","0.20","0.20","0.20","0.20","0.20","0.20","0.20","0.20","0.20","0.20","0.20","0.20","0.20","0.20","0.20","0.20","0.20","0.20","0.20","0.20","0.20","0.20","0.20","0.20","0.20","0.20","0.20","0.20","0.20","0.20","0.20","0.20","0.20","0.20"
"68","2021-04-11","0.20","0.20","0.20","0.20","0.20","0.20","0.20","0.20","0.20","0.20","0.20","0.20","0.20","0.20","0.20","0.20","0.20","0.20","0.20","0.20","0.20","0.20","0.20","0.20","0.20","0.20","0.20","0.20","0.20","0.20","0.20","0.20","0.20","0.20","0.20"
"69","2021-04-18","0.21","0.21","0.21","0.21","0.21","0.21","0.21","0.21","0.21","0.21","0.21","0.21","0.21","0.21","0.21","0.21","0.21","0.21","0.21","0.21","0.21","0.21","0.21","0.21","0.21","0.21","0.21","0.21","0.21","0.21","0.21","0.21","0.21","0.21","0.21"
"70","2021-04-25","0.21","0.21","0.21","0.21","0.21","0.21","0.21","0.21","0.21","0.21","0.21","0.21","0.21","0.21","0.21","0.21","0.21","0.21","0.21","0.21","0.21","0.21","0.21","0.21","0.21","0.21","0.21","0.21","0.21","0.21","0.21","0.21","0.21","0.21","0.21"
"71","2021-05-02","0.22","0.22","0.22","0.22","0.22","0.22","0.22","0.22","0.22","0.22","0.22","0.22","0.22","0.22","0.22","0.22","0.22","0.22","0.22","0.22","0.22","0.22","0.22","0.22","0.22","0.22","0.22","0.22","0.22","0.22","0.22","0.22","0.22","0.22","0.22"
"72","2021-05-09","0.22","0.22","0.22","0.22","0.22","0.22","0.22","0.22","0.22","0.22","0.22","0.22","0.22","0.22","0.22","0.22","0.22","0.22","0.22","0.22","0.22","0.22","0.22","0.22","0.22","0.22","0.22","0.22","0.22","0.22","0.22","0.22","0.22","0.22","0.22"
"73","2021-05-16","0.22","0.22","0.22","0.22","0.22","0.22","0.22","0.22","0.22","0.22","0.22","0.22","0.22","0.22","0.22","0.22","0.22","0.22","0.22","0.22","0.22","0.22","0.22","0.22","0.22","0.22","0.22","0.22","0.22","0.22","0.22","0.22","0.22","0.22","0.22"
"74","2021-05-23","0.23","0.23","0.23","0.23","0.23","0.23","0.23","0.23","0.23","0.23","0.23","0.23","0.23","0.23","0.23","0.23","0.23","0.23","0.23","0.23","0.23","0.23","0.23","0.23","0.23","0.23","0.23","0.23","0.23","0.23","0.23","0.23","0.23","0.23","0.23"
"75","2021-05-30","0.23","0.23","0.23","0.23","0.23","0.23","0.23","0.23","0.23","0.23","0.23","0.23","0.23","0.23","0.23","0.23","0.23","0.23","0.23","0.23","0.23","0.23","0.23","0.23","0.23","0.23","0.23","0.23","0.23","0.23","0.23","0.23","0.23","0.23","0.23"
"76","2021-06-06","0.23","0.23","0.23","0.23","0.23","0.23","0.23","0.23","0.23","0.23","0.23","0.23","0.23","0.23","0.23","0.23","0.23","0.23","0.23","0.23","0.23","0.23","0.23","0.23","0.23","0.23","0.23","0.23","0.23","0.23","0.23","0.23","0.23","0.23","0.23"
"77","2021-06-13","0.23","0.23","0.23","0.23","0.23","0.23","0.23","0.23","0.23","0.23","0.23","0.23","0.23","0.23","0.23","0.23","0.23","0.23","0.23","0.23","0.23","0.23","0.23","0.23","0.23","0.23","0.23","0.23","0.23","0.23","0.23","0.23","0.23","0.23","0.23"
"78","2021-06-20","0.24","0.24","0.24","0.24","0.24","0.24","0.24","0.24","0.24","0.24","0.24","0.24","0.24","0.24","0.24","0.24","0.24","0.24","0.24","0.24","0.24","0.24","0.24","0.24","0.24","0.24","0.24","0.24","0.24","0.24","0.24","0.24","0.24","0.24","0.24"
"79","2021-06-27","0.24","0.24","0.24","0.24","0.24","0.24","0.24","0.24","0.24","0.24","0.24","0.24","0.24","0.24","0.24","0.24","0.24","0.24","0.24","0.24","0.24","0.24","0.24","0.24","0.24","0.24","0.24","0.24","0.24","0.24","0.24","0.24","0.24","0.24","0.24"
"80","2021-07-04","0.25","0.25","0.25","0.25","0.25","0.25","0.25","0.25","0.25","0.25","0.25","0.25","0.25","0.25","0.25","0.25","0.25","0.25","0.25","0.25","0.25","0.25","0.25","0.25","0.25","0.25","0.25","0.25","0.25","0.25","0.25","0.25","0.25","0.25","0.25"
"81","2021-07-11","0.26","0.26","0.26","0.26","0.26","0.26","0.26","0.26","0.26","0.26","0.26","0.26","0.26","0.26","0.26","0.26","0.26","0.26","0.26","0.26","0.26","0.26","0.26","0.26","0.26","0.26","0.26","0.26","0.26","0.26","0.26","0.26","0.26","0.26","0.26"
"82","2021-07-18","0.26","0.26","0.26","0.26","0.26","0.26","0.26","0.26","0.26","0.26","0.26","0.26","0.26","0.26","0.26","0.26","0.26","0.26","0.26","0.26","0.26","0.26","0.26","0.26","0.26","0.26","0.26","0.26","0.26","0.26","0.26","0.26","0.26","0.26","0.26"
"83","2021-07-25","0.25","0.25","0.25","0.25","0.25","0.25","0.25","0.25","0.25","0.25","0.25","0.25","0.25","0.25","0.25","0.25","0.25","0.25","0.25","0.25","0.25","0.25","0.25","0.25","0.25","0.25","0.25","0.25","0.25","0.25","0.25","0.25","0.25","0.25","0.25"
"84","2021-08-01","0.24","0.24","0.24","0.24","0.24","0.24","0.24","0.24","0.24","0.24","0.24","0.24","0.24","0.24","0.24","0.24","0.24","0.24","0.24","0.24","0.24","0.24","0.24","0.24","0.24","0.24","0.24","0.24","0.24","0.24","0.24","0.24","0.24","0.24","0.24"
"85","2021-08-08","0.22","0.22","0.22","0.22","0.22","0.22","0.22","0.22","0.22","0.22","0.22","0.22","0.22","0.22","0.22","0.22","0.22","0.22","0.22","0.22","0.22","0.22","0.22","0.22","0.22","0.22","0.22","0.22","0.22","0.22","0.22","0.22","0.22","0.22","0.22"
"86","2021-08-15","0.19","0.19","0.19","0.19","0.19","0.19","0.19","0.19","0.19","0.19","0.19","0.19","0.19","0.19","0.19","0.19","0.19","0.19","0.19","0.19","0.19","0.19","0.19","0.19","0.19","0.19","0.19","0.19","0.19","0.19","0.19","0.19","0.19","0.19","0.19"
"87","2021-08-22","0.16","0.16","0.16","0.16","0.16","0.16","0.16","0.16","0.16","0.16","0.16","0.16","0.16","0.16","0.16","0.16","0.16","0.16","0.16","0.16","0.16","0.16","0.16","0.16","0.16","0.16","0.16","0.16","0.16","0.16","0.16","0.16","0.16","0.16","0.16"
"88","2021-08-29","0.13","0.13","0.13","0.13","0.13","0.13","0.13","0.13","0.13","0.13","0.13","0.13","0.13","0.13","0.13","0.13","0.13","0.13","0.13","0.13","0.13","0.13","0.13","0.13","0.13","0.13","0.13","0.13","0.13","0.13","0.13","0.13","0.13","0.13","0.13"
"89","2021-09-05","0.11","0.11","0.11","0.11","0.11","0.11","0.11","0.11","0.11","0.11","0.11","0.11","0.11","0.11","0.11","0.11","0.11","0.11","0.11","0.11","0.11","0.11","0.11","0.11","0.11","0.11","0.11","0.11","0.11","0.11","0.11","0.11","0.11","0.11","0.11"
"90","2021-09-12","0.11","0.11","0.11","0.11","0.11","0.11","0.11","0.11","0.11","0.11","0.11","0.11","0.11","0.11","0.11","0.11","0.11","0.11","0.11","0.11","0.11","0.11","0.11","0.11","0.11","0.11","0.11","0.11","0.11","0.11","0.11","0.11","0.11","0.11","0.11"
"91","2021-09-19","0.12","0.12","0.12","0.12","0.12","0.12","0.12","0.12","0.12","0.12","0.12","0.12","0.12","0.12","0.12","0.12","0.12","0.12","0.12","0.12","0.12","0.12","0.12","0.12","0.12","0.12","0.12","0.12","0.12","0.12","0.12","0.12","0.12","0.12","0.12"
"92","2021-09-26","0.15","0.15","0.15","0.15","0.15","0.15","0.15","0.15","0.15","0.15","0.15","0.15","0.15","0.15","0.15","0.15","0.15","0.15","0.15","0.15","0.15","0.15","0.15","0.15","0.15","0.15","0.15","0.15","0.15","0.15","0.15","0.15","0.15","0.15","0.15"
"93","2021-10-03","0.19","0.19","0.19","0.19","0.19","0.19","0.19","0.19","0.19","0.19","0.19","0.19","0.19","0.19","0.19","0.19","0.19","0.19","0.19","0.19","0.19","0.19","0.19","0.19","0.19","0.19","0.19","0.19","0.19","0.19","0.19","0.19","0.19","0.19","0.19"
"94","2021-10-10","0.25","0.25","0.25","0.25","0.25","0.25","0.25","0.25","0.25","0.25","0.25","0.25","0.25","0.25","0.25","0.25","0.25","0.25","0.25","0.25","0.25","0.25","0.25","0.25","0.25","0.25","0.25","0.25","0.25","0.25","0.25","0.25","0.25","0.25","0.25"
"95","2021-10-17","0.33","0.33","0.33","0.33","0.33","0.33","0.33","0.33","0.33","0.33","0.33","0.33","0.33","0.33","0.33","0.33","0.33","0.33","0.33","0.33","0.33","0.33","0.33","0.33","0.33","0.33","0.33","0.33","0.33","0.33","0.33","0.33","0.33","0.33","0.33"
"96","2021-10-24","0.42","0.42","0.42","0.42","0.42","0.42","0.42","0.42","0.42","0.42","0.42","0.42","0.42","0.42","0.42","0.42","0.42","0.42","0.42","0.42","0.42","0.42","0.42","0.42","0.42","0.42","0.42","0.42","0.42","0.42","0.42","0.42","0.42","0.42","0.42"
"97","2021-10-31","0.53","0.53","0.53","0.53","0.53","0.53","0.53","0.53","0.53","0.53","0.53","0.53","0.53","0.53","0.53","0.53","0.53","0.53","0.53","0.53","0.53","0.53","0.53","0.53","0.53","0.53","0.53","0.53","0.53","0.53","0.53","0.53","0.53","0.53","0.53"
"98","2021-11-07","0.67","0.67","0.67","0.67","0.67","0.67","0.67","0.67","0.67","0.67","0.67","0.67","0.67","0.67","0.67","0.67","0.67","0.67","0.67","0.67","0.67","0.67","0.67","0.67","0.67","0.67","0.67","0.67","0.67","0.67","0.67","0.67","0.67","0.67","0.67"
"99","2021-11-14","0.83","0.83","0.83","0.83","0.83","0.83","0.83","0.83","0.83","0.83","0.83","0.83","0.83","0.83","0.83","0.83","0.83","0.83","0.83","0.83","0.83","0.83","0.83","0.83","0.83","0.83","0.83","0.83","0.83","0.83","0.83","0.83","0.83","0.83","0.83"
"100","2021-11-21","1.03","1.03","1.03","1.03","1.03","1.03","1.03","1.03","1.03","1.03","1.03","1.03","1.03","1.03","1.03","1.03","1.03","1.03","1.03","1.03","1.03","1.03","1.03","1.03","1.03","1.03","1.03","1.03","1.03","1.03","1.03","1.03","1.03","1.03","1.03"
"101","2021-11-28","1.26","1.26","1.26","1.26","1.26","1.26","1.26","1.26","1.26","1.26","1.26","1.26","1.26","1.26","1.26","1.26","1.26","1.26","1.26","1.26","1.26","1.26","1.26","1.26","1.26","1.26","1.26","1.26","1.26","1.26","1.26","1.26","1.26","1.26","1.26"
"102","2021-12-05","1.56","1.56","1.56","1.56","1.56","1.56","1.56","1.56","1.56","1.56","1.56","1.56","1.56","1.56","1.56","1.56","1.56","1.56","1.56","1.56","1.56","1.56","1.56","1.56","1.56","1.56","1.56","1.56","1.56","1.56","1.56","1.56","1.56","1.56","1.56"
"103","2021-12-12","1.91","1.91","1.91","1.91","1.91","1.91","1.91","1.91","1.91","1.91","1.91","1.91","1.91","1.91","1.91","1.91","1.91","1.91","1.91","1.91","1.91","1.91","1.91","1.91","1.91","1.91","1.91","1.91","1.91","1.91","1.91","1.91","1.91","1.91","1.91"
"104","2021-12-19","2.33","2.33","2.33","2.33","2.33","2.33","2.33","2.33","2.33","2.33","2.33","2.33","2.33","2.33","2.33","2.33","2.33","2.33","2.33","2.33","2.33","2.33","2.33","2.33","2.33","2.33","2.33","2.33","2.33","2.33","2.33","2.33","2.33","2.33","2.33"
"105","2021-12-26","2.80","2.80","2.80","2.80","2.80","2.80","2.80","2.80","2.80","2.80","2.80","2.80","2.80","2.80","2.80","2.80","2.80","2.80","2.80","2.80","2.80","2.80","2.80","2.80","2.80","2.80","2.80","2.80","2.80","2.80","2.80","2.80","2.80","2.80","2.80"
"106","2022-01-02","3.32","3.32","3.32","3.32","3.32","3.32","3.32","3.32","3.32","3.32","3.32","3.32","3.32","3.32","3.32","3.32","3.32","3.32","3.32","3.32","3.32","3.32","3.32","3.32","3.32","3.32","3.32","3.32","3.32","3.32","3.32","3.32","3.32","3.32","3.32"
"107","2022-01-09","3.85","3.85","3.85","3.85","3.85","3.85","3.85","3.85","3.85","3.85","3.85","3.85","3.85","3.85","3.85","3.85","3.85","3.85","3.85","3.85","3.85","3.85","3.85","3.85","3.85","3.85","3.85","3.85","3.85","3.85","3.85","3.85","3.85","3.85","3.85"
"108","2022-01-16","4.38","4.38","4.38","4.38","4.38","4.38","4.38","4.38","4.38","4.38","4.38","4.38","4.38","4.38","4.38","4.38","4.38","4.38","4.38","4.38","4.38","4.38","4.38","4.38","4.38","4.38","4.38","4.38","4.38","4.38","4.38","4.38","4.38","4.38","4.38"
"109","2022-01-23","4.87","4.87","4.87","4.87","4.87","4.87","4.87","4.87","4.87","4.87","4.87","4.87","4.87","4.87","4.87","4.87","4.87","4.87","4.87","4.87","4.87","4.87","4.87","4.87","4.87","4.87","4.87","4.87","4.87","4.87","4.87","4.87","4.87","4.87","4.87"
"110","2022-01-30","5.30","5.30","5.30","5.30","5.30","5.30","5.30","5.30","5.30","5.30","5.30","5.30","5.30","5.30","5.30","5.30","5.30","5.30","5.30","5.30","5.30","5.30","5.30","5.30","5.30","5.30","5.30","5.30","5.30","5.30","5.30","5.30","5.30","5.30","5.30"
"111","2022-02-06","5.61","5.61","5.61","5.61","5.61","5.61","5.61","5.61","5.61","5.61","5.61","5.61","5.61","5.61","5.61","5.61","5.61","5.61","5.61","5.61","5.61","5.61","5.61","5.61","5.61","5.61","5.61","5.61","5.61","5.61","5.61","5.61","5.61","5.61","5.61"
"112","2022-02-13","5.79","5.79","5.79","5.79","5.79","5.79","5.79","5.79","5.79","5.79","5.79","5.79","5.79","5.79","5.79","5.79","5.79","5.79","5.79","5.79","5.79","5.79","5.79","5.79","5.79","5.79","5.79","5.79","5.79","5.79","5.79","5.79","5.79","5.79","5.79"
"113","2022-02-20","5.84","5.84","5.84","5.84","5.84","5.84","5.84","5.84","5.84","5.84","5.84","5.84","5.84","5.84","5.84","5.84","5.84","5.84","5.84","5.84","5.84","5.84","5.84","5.84","5.84","5.84","5.84","5.84","5.84","5.84","5.84","5.84","5.84","5.84","5.84"
"114","2022-02-27","5.77","5.77","5.77","5.77","5.77","5.77","5.77","5.77","5.77","5.77","5.77","5.77","5.77","5.77","5.77","5.77","5.77","5.77","5.77","5.77","5.77","5.77","5.77","5.77","5.77","5.77","5.77","5.77","5.77","5.77","5.77","5.77","5.77","5.77","5.77"
"115","2022-03-06","5.63","5.63","5.63","5.63","5.63","5.63","5.63","5.63","5.63","5.63","5.63","5.63","5.63","5.63","5.63","5.63","5.63","5.63","5.63","5.63","5.63","5.63","5.63","5.63","5.63","5.63","5.63","5.63","5.63","5.63","5.63","5.63","5.63","5.63","5.63"
"116","2022-03-13","5.45","5.45","5.45","5.45","5.45","5.45","5.45","5.45","5.45","5.45","5.45","5.45","5.45","5.45","5.45","5.45","5.45","5.45","5.45","5.45","5.45","5.45","5.45","5.45","5.45","5.45","5.45","5.45","5.45","5.45","5.45","5.45","5.45","5.45","5.45"
"117","2022-03-20","5.28","5.28","5.28","5.28","5.28","5.28","5.28","5.28","5.28","5.28","5.28","5.28","5.28","5.28","5.28","5.28","5.28","5.28","5.28","5.28","5.28","5.28","5.28","5.28","5.28","5.28","5.28","5.28","5.28","5.28","5.28","5.28","5.28","5.28","5.28"
"118","2022-03-27","5.14","5.14","5.14","5.14","5.14","5.14","5.14","5.14","5.14","5.14","5.14","5.14","5.14","5.14","5.14","5.14","5.14","5.14","5.14","5.14","5.14","5.14","5.14","5.14","5.14","5.14","5.14","5.14","5.14","5.14","5.14","5.14","5.14","5.14","5.14"
"119","2022-04-03","5.03","5.03","5.03","5.03","5.03","5.03","5.03","5.03","5.03","5.03","5.03","5.03","5.03","5.03","5.03","5.03","5.03","5.03","5.03","5.03","5.03","5.03","5.03","5.03","5.03","5.03","5.03","5.03","5.03","5.03","5.03","5.03","5.03","5.03","5.03"
"120","2022-04-10","4.97","4.97","4.97","4.97","4.97","4.97","4.97","4.97","4.97","4.97","4.97","4.97","4.97","4.97","4.97","4.97","4.97","4.97","4.97","4.97","4.97","4.97","4.97","4.97","4.97","4.97","4.97","4.97","4.97","4.97","4.97","4.97","4.97","4.97","4.97"
"121","2022-04-17","4.95","4.95","4.95","4.95","4.95","4.95","4.95","4.95","4.95","4.95","4.95","4.95","4.95","4.95","4.95","4.95","4.95","4.95","4.95","4.95","4.95","4.95","4.95","4.95","4.95","4.95","4.95","4.95","4.95","4.95","4.95","4.95","4.95","4.95","4.95"
"122","2022-04-24","4.97","4.97","4.97","4.97","4.97","4.97","4.97","4.97","4.97","4.97","4.97","4.97","4.97","4.97","4.97","4.97","4.97","4.97","4.97","4.97","4.97","4.97","4.97","4.97","4.97","4.97","4.97","4.97","4.97","4.97","4.97","4.97","4.97","4.97","4.97"
"123","2022-05-01","5.01","5.01","5.01","5.01","5.01","5.01","5.01","5.01","5.01","5.01","5.01","5.01","5.01","5.01","5.01","5.01","5.01","5.01","5.01","5.01","5.01","5.01","5.01","5.01","5.01","5.01","5.01","5.01","5.01","5.01","5.01","5.01","5.01","5.01","5.01"
"124","2022-05-08","5.05","5.05","5.05","5.05","5.05","5.05","5.05","5.05","5.05","5.05","5.05","5.05","5.05","5.05","5.05","5.05","5.05","5.05","5.05","5.05","5.05","5.05","5.05","5.05","5.05","5.05","5.05","5.05","5.05","5.05","5.05","5.05","5.05","5.05","5.05"
"125","2022-05-15","5.06","5.06","5.06","5.06","5.06","5.06","5.06","5.06","5.06","5.06","5.06","5.06","5.06","5.06","5.06","5.06","5.06","5.06","5.06","5.06","5.06","5.06","5.06","5.06","5.06","5.06","5.06","5.06","5.06","5.06","5.06","5.06","5.06","5.06","5.06"
"126","2022-05-22","5.04","5.04","5.04","5.04","5.04","5.04","5.04","5.04","5.04","5.04","5.04","5.04","5.04","5.04","5.04","5.04","5.04","5.04","5.04","5.04","5.04","5.04","5.04","5.04","5.04","5.04","5.04","5.04","5.04","5.04","5.04","5.04","5.04","5.04","5.04"
"127","2022-05-29","4.98","4.98","4.98","4.98","4.98","4.98","4.98","4.98","4.98","4.98","4.98","4.98","4.98","4.98","4.98","4.98","4.98","4.98","4.98","4.98","4.98","4.98","4.98","4.98","4.98","4.98","4.98","4.98","4.98","4.98","4.98","4.98","4.98","4.98","4.98"
"128","2022-06-05","4.88","4.88","4.88","4.88","4.88","4.88","4.88","4.88","4.88","4.88","4.88","4.88","4.88","4.88","4.88","4.88","4.88","4.88","4.88","4.88","4.88","4.88","4.88","4.88","4.88","4.88","4.88","4.88","4.88","4.88","4.88","4.88","4.88","4.88","4.88"
"129","2022-06-12","4.75","4.75","4.75","4.75","4.75","4.75","4.75","4.75","4.75","4.75","4.75","4.75","4.75","4.75","4.75","4.75","4.75","4.75","4.75","4.75","4.75","4.75","4.75","4.75","4.75","4.75","4.75","4.75","4.75","4.75","4.75","4.75","4.75","4.75","4.75"
"130","2022-06-19","4.59","4.59","4.59","4.59","4.59","4.59","4.59","4.59","4.59","4.59","4.59","4.59","4.59","4.59","4.59","4.59","4.59","4.59","4.59","4.59","4.59","4.59","4.59","4.59","4.59","4.59","4.59","4.59","4.59","4.59","4.59","4.59","4.59","4.59","4.59"
"131","2022-06-26","4.43","4.43","4.43","4.43","4.43","4.43","4.43","4.43","4.43","4.43","4.43","4.43","4.43","4.43","4.43","4.43","4.43","4.43","4.43","4.43","4.43","4.43","4.43","4.43","4.43","4.43","4.43","4.43","4.43","4.43","4.43","4.43","4.43","4.43","4.43"
"132","2022-07-03","4.28","4.28","4.28","4.28","4.28","4.28","4.28","4.28","4.28","4.28","4.28","4.28","4.28","4.28","4.28","4.28","4.28","4.28","4.28","4.28","4.28","4.28","4.28","4.28","4.28","4.28","4.28","4.28","4.28","4.28","4.28","4.28","4.28","4.28","4.28"
"133","2022-07-10","4.16","4.16","4.16","4.16","4.16","4.16","4.16","4.16","4.16","4.16","4.16","4.16","4.16","4.16","4.16","4.16","4.16","4.16","4.16","4.16","4.16","4.16","4.16","4.16","4.16","4.16","4.16","4.16","4.16","4.16","4.16","4.16","4.16","4.16","4.16"
"134","2022-07-17","4.09","4.09","4.09","4.09","4.09","4.09","4.09","4.09","4.09","4.09","4.09","4.09","4.09","4.09","4.09","4.09","4.09","4.09","4.09","4.09","4.09","4.09","4.09","4.09","4.09","4.09","4.09","4.09","4.09","4.09","4.09","4.09","4.09","4.09","4.09"
"135","2022-07-24","4.08","4.08","4.08","4.08","4.08","4.08","4.08","4.08","4.08","4.08","4.08","4.08","4.08","4.08","4.08","4.08","4.08","4.08","4.08","4.08","4.08","4.08","4.08","4.08","4.08","4.08","4.08","4.08","4.08","4.08","4.08","4.08","4.08","4.08","4.08"
"136","2022-07-31","4.14","4.14","4.14","4.14","4.14","4.14","4.14","4.14","4.14","4.14","4.14","4.14","4.14","4.14","4.14","4.14","4.14","4.14","4.14","4.14","4.14","4.14","4.14","4.14","4.14","4.14","4.14","4.14","4.14","4.14","4.14","4.14","4.14","4.14","4.14"
"137","2022-08-07","4.25","4.25","4.25","4.25","4.25","4.25","4.25","4.25","4.25","4.25","4.25","4.25","4.25","4.25","4.25","4.25","4.25","4.25","4.25","4.25","4.25","4.25","4.25","4.25","4.25","4.25","4.25","4.25","4.25","4.25","4.25","4.25","4.25","4.25","4.25"
"138","2022-08-14","4.42","4.42","4.42","4.42","4.42","4.42","4.42","4.42","4.42","4.42","4.42","4.42","4.42","4.42","4.42","4.42","4.42","4.42","4.42","4.42","4.42","4.42","4.42","4.42","4.42","4.42","4.42","4.42","4.42","4.42","4.42","4.42","4.42","4.42","4.42"
"139","2022-08-21","4.64","4.64","4.64","4.64","4.64","4.64","4.64","4.64","4.64","4.64","4.64","4.64","4.64","4.64","4.64","4.64","4.64","4.64","4.64","4.64","4.64","4.64","4.64","4.64","4.64","4.64","4.64","4.64","4.64","4.64","4.64","4.64","4.64","4.64","4.64"
"140","2022-08-28","4.88","4.88","4.88","4.88","4.88","4.88","4.88","4.88","4.88","4.88","4.88","4.88","4.88","4.88","4.88","4.88","4.88","4.88","4.88","4.88","4.88","4.88","4.88","4.88","4.88","4.88","4.88","4.88","4.88","4.88","4.88","4.88","4.88","4.88","4.88"
"141","2022-09-04","5.12","5.12","5.12","5.12","5.12","5.12","5.12","5.12","5.12","5.12","5.12","5.12","5.12","5.12","5.12","5.12","5.12","5.12","5.12","5.12","5.12","5.12","5.12","5.12","5.12","5.12","5.12","5.12","5.12","5.12","5.12","5.12","5.12","5.12","5.12"
"142","2022-09-11","5.34","5.34","5.34","5.34","5.34","5.34","5.34","5.34","5.34","5.34","5.34","5.34","5.34","5.34","5.34","5.34","5.34","5.34","5.34","5.34","5.34","5.34","5.34","5.34","5.34","5.34","5.34","5.34","5.34","5.34","5.34","5.34","5.34","5.34","5.34"
"143","2022-09-18","5.51","5.51","5.51","5.51","5.51","5.51","5.51","5.51","5.51","5.51","5.51","5.51","5.51","5.51","5.51","5.51","5.51","5.51","5.51","5.51","5.51","5.51","5.51","5.51","5.51","5.51","5.51","5.51","5.51","5.51","5.51","5.51","5.51","5.51","5.51"
"144","2022-09-25","5.62","5.62","5.62","5.62","5.62","5.62","5.62","5.62","5.62","5.62","5.62","5.62","5.62","5.62","5.62","5.62","5.62","5.62","5.62","5.62","5.62","5.62","5.62","5.62","5.62","5.62","5.62","5.62","5.62","5.62","5.62","5.62","5.62","5.62","5.62"
"145","2022-10-02","5.68","5.68","5.68","5.68","5.68","5.68","5.68","5.68","5.68","5.68","5.68","5.68","5.68","5.68","5.68","5.68","5.68","5.68","5.68","5.68","5.68","5.68","5.68","5.68","5.68","5.68","5.68","5.68","5.68","5.68","5.68","5.68","5.68","5.68","5.68"
"146","2022-10-09","5.69","5.69","5.69","5.69","5.69","5.69","5.69","5.69","5.69","5.69","5.69","5.69","5.69","5.69","5.69","5.69","5.69","5.69","5.69","5.69","5.69","5.69","5.69","5.69","5.69","5.69","5.69","5.69","5.69","5.69","5.69","5.69","5.69","5.69","5.69"
"147","2022-10-16","5.65","5.65","5.65","5.65","5.65","5.65","5.65","5.65","5.65","5.65","5.65","5.65","5.65","5.65","5.65","5.65","5.65","5.65","5.65","5.65","5.65","5.65","5.65","5.65","5.65","5.65","5.65","5.65","5.65","5.65","5.65","5.65","5.65","5.65","5.65"
"148","2022-10-23","5.57","5.57","5.57","5.57","5.57","5.57","5.57","5.57","5.57","5.57","5.57","5.57","5.57","5.57","5.57","5.57","5.57","5.57","5.57","5.57","5.57","5.57","5.57","5.57","5.57","5.57","5.57","5.57","5.57","5.57","5.57","5.57","5.57","5.57","5.57"
"149","2022-10-30","5.47","5.47","5.47","5.47","5.47","5.47","5.47","5.47","5.47","5.47","5.47","5.47","5.47","5.47","5.47","5.47","5.47","5.47","5.47","5.47","5.47","5.47","5.47","5.47","5.47","5.47","5.47","5.47","5.47","5.47","5.47","5.47","5.47","5.47","5.47"
"150","2022-11-06","5.36","5.36","5.36","5.36","5.36","5.36","5.36","5.36","5.36","5.36","5.36","5.36","5.36","5.36","5.36","5.36","5.36","5.36","5.36","5.36","5.36","5.36","5.36","5.36","5.36","5.36","5.36","5.36","5.36","5.36","5.36","5.36","5.36","5.36","5.36"
"151","2022-11-13","5.27","5.27","5.27","5.27","5.27","5.27","5.27","5.27","5.27","5.27","5.27","5.27","5.27","5.27","5.27","5.27","5.27","5.27","5.27","5.27","5.27","5.27","5.27","5.27","5.27","5.27","5.27","5.27","5.27","5.27","5.27","5.27","5.27","5.27","5.27"
"152","2022-11-20","5.21","5.21","5.21","5.21","5.21","5.21","5.21","5.21","5.21","5.21","5.21","5.21","5.21","5.21","5.21","5.21","5.21","5.21","5.21","5.21","5.21","5.21","5.21","5.21","5.21","5.21","5.21","5.21","5.21","5.21","5.21","5.21","5.21","5.21","5.21"
"153","2022-11-27","5.19","5.19","5.19","5.19","5.19","5.19","5.19","5.19","5.19","5.19","5.19","5.19","5.19","5.19","5.19","5.19","5.19","5.19","5.19","5.19","5.19","5.19","5.19","5.19","5.19","5.19","5.19","5.19","5.19","5.19","5.19","5.19","5.19","5.19","5.19"
"154","2022-12-04","5.20","5.20","5.20","5.20","5.20","5.20","5.20","5.20","5.20","5.20","5.20","5.20","5.20","5.20","5.20","5.20","5.20","5.20","5.20","5.20","5.20","5.20","5.20","5.20","5.20","5.20","5.20","5.20","5.20","5.20","5.20","5.20","5.20","5.20","5.20"
"155","2022-12-11","5.24","5.24","5.24","5.24","5.24","5.24","5.24","5.24","5.24","5.24","5.24","5.24","5.24","5.24","5.24","5.24","5.24","5.24","5.24","5.24","5.24","5.24","5.24","5.24","5.24","5.24","5.24","5.24","5.24","5.24","5.24","5.24","5.24","5.24","5.24"
"156","2022-12-18","5.32","5.32","5.32","5.32","5.32","5.32","5.32","5.32","5.32","5.32","5.32","5.32","5.32","5.32","5.32","5.32","5.32","5.32","5.32","5.32","5.32","5.32","5.32","5.32","5.32","5.32","5.32","5.32","5.32","5.32","5.32","5.32","5.32","5.32","5.32"
"157","2022-12-25","5.42","5.42","5.42","5.42","5.42","5.42","5.42","5.42","5.42","5.42","5.42","5.42","5.42","5.42","5.42","5.42","5.42","5.42","5.42","5.42","5.42","5.42","5.42","5.42","5.42","5.42","5.42","5.42","5.42","5.42","5.42","5.42","5.42","5.42","5.42"
